predicted,ci_lower,ci_upper,actual
3.9243454217172475,3.8727387431856424,3.9759521002488527,4.99
3.043062906815035,3.008889749384622,3.077236064245448,2.26
2.7665359148142277,2.7249621884499904,2.808109641178465,2.982
2.557958149071274,2.5255882949420636,2.5903280032004847,0.037
1.3794451865865536,1.3441707773505795,1.4147195958225276,0.284
3.2949856034555736,3.2604443920887043,3.329526814822443,2.704
2.5178977464422188,2.483611728351806,2.5521837645326313,2.297
4.263937699620466,4.216688006826917,4.3111873924140145,4.71
4.019293079094576,3.9727630161552137,4.0658231420339375,3.114
3.930909633565755,3.893504320249825,3.9683149468816854,5.015
2.1194326782654143,2.0683758575308997,2.170489498999929,2.196
4.172131183825467,4.123016261493906,4.221246106157028,4.057
1.893820790294012,1.86267953005573,1.9249620505322942,1.673
1.1796512337621474,1.15139045278648,1.2079120147378148,0.01
3.4955218300213073,3.466409968773573,3.5246336912690417,2.858
1.4509307832594884,1.4207871272120507,1.4810744393069262,0.244
2.135516790441478,2.1096362428651707,2.1613973380177853,0.618
1.8994355286048847,1.8610839499479337,1.9377871072618358,3.541
1.9180559092434653,1.8907521321434289,1.9453596863435016,5.382
3.1585979352159317,3.1040911368859283,3.213104733545935,1.56
1.824579872119397,1.7881516591497013,1.8610080850890929,2.741
4.276044591540092,4.222417895657948,4.3296712874222365,4.639
4.2066930449642115,4.161131428922586,4.252254661005837,4.345
2.5675539082114907,2.5297736826248545,2.605334133798127,0.05
3.1817760132377972,3.1531028767277003,3.210449149747894,2.601
2.9517988347218442,2.9268873810652254,2.976710288378463,4.383
1.9387762247022475,1.9048283649694253,1.9727240844350697,1.827
1.632560437783468,1.600292680806551,1.664828194760385,0.01
1.8256938124859126,1.8034418642141332,1.847945760757692,1.287
0.1475733976622194,0.09646287388833538,0.19868392143610344,0.976
-0.07055498360170101,-0.12798107249566446,-0.013128894707737565,0.769
1.4334296441454775,1.3982459774727312,1.4686133108182238,0.816
1.1422069107576998,1.0901729475148196,1.1942408740005799,1.192
0.4896210419504642,0.4350586533531394,0.544183430547789,0.675
2.3781298184823134,2.3427964130909738,2.413463223873653,4.017
1.8580216966630594,1.8126711911855884,1.9033722021405304,2.502
1.7819473067007072,1.74613993096075,1.8177546824406645,2.817
1.52073705253099,1.4841878404605948,1.5572862646013852,1.312
1.9281602324681812,1.8942148291432614,1.962105635793101,1.946
3.8642437720575864,3.8230359477351437,3.905451596380029,2.974
2.776902616929567,2.7397799360219155,2.814025297837219,0.894
1.6853109606662762,1.651607688829611,1.7190142325029414,1.88
2.7154630829341326,2.673616915204773,2.7573092506634924,4.736
3.5379387475066855,3.49708053345471,3.578796961558661,5.586
3.808571104564484,3.765134069047141,3.8520081400818267,2.87
3.61306021551552,3.5741574525676216,3.6519629784634184,3.331
2.0773613262948154,2.0320397207749616,2.122682931814669,0.281
0.9769466232815703,0.9290150630635563,1.0248781834995844,0.672
1.8997711474350751,1.8663847627216799,1.9331575321484704,2.265
3.0859075386456714,3.053806840772297,3.118008236519046,4.526
1.794615000928857,1.7702206741238256,1.8190093277338886,2.535
4.01179177119741,3.9686887076815727,4.054894834713246,3.038
3.472847134349114,3.429659561722865,3.5160347069753626,2.643
4.084615080788966,4.035600711068035,4.133629450509897,5.023
3.8823679763453085,3.8466504417064775,3.9180855109841395,2.66
1.8388677935906022,1.8062850528421905,1.8714505343390138,0.01
2.362683876318617,2.33096903157935,2.394398721057884,1.741
1.6005430054680365,1.5655414684396187,1.6355445424964543,0.208
1.0522056399617834,1.0153786455961589,1.089032634327408,0.185
3.9392865293321138,3.8991037538054134,3.979469304858814,3.736
2.472082395826365,2.4418099179149464,2.5023548737377834,1.658
0.7649254594161531,0.7211958067053126,0.8086551121269936,1.37
2.110870672848939,2.078600601672656,2.143140744025222,1.734
2.180961934355655,2.1471654773331235,2.2147583913781865,0.194
3.6448230165376363,3.6077773286652253,3.6818687044100473,4.659
2.408405345105482,2.3725292096152204,2.444281480595744,4.333
4.255558672435106,4.204418962438277,4.306698382431936,2.751
1.3922509317897642,1.3577896190032297,1.4267122445762987,3.749
1.355263869573,1.3242300509460196,1.3862976881999802,1.266
1.340589054742152,1.3132476144428111,1.3679304950414928,2.064
2.0604731144184205,2.025165390467204,2.0957808383696372,0.616
2.1696604684420286,2.1372552284328776,2.2020657084511797,0.622
2.162645424230281,2.138679901192096,2.1866109472684663,1.667
1.4186067975922059,1.3874041792255132,1.4498094159588986,0.624
3.1355441061008116,3.106645951339206,3.164442260862417,5.101
2.083234201070281,2.0593053130627363,2.1071630890778255,0.217
2.657397215386612,2.614364043970535,2.7004303868026893,4.655
1.9051992986564343,1.8628389246200512,1.9475596726928175,1.927
1.3589223296955324,1.3197180845354226,1.3981265748556422,1.675
3.9299034513143227,3.8852528924261267,3.9745540102025188,3.339
1.4024886105438266,1.3569496932829093,1.4480275278047439,1.727
2.385327508701441,2.3420672255722637,2.4285877918306187,0.263
2.508600359121498,2.477801194703032,2.539399523539964,1.791
1.8011674313097494,1.7669034680931588,1.83543139452634,2.139
2.049281712170064,2.011142774574019,2.0874206497661087,2.829
0.6063077151217705,0.5540409660266714,0.6585744642168696,2.75
2.1107238906132846,2.0675444903342175,2.1539032908923517,2.348
2.9107778457957476,2.887256969282495,2.9342987223090002,5.326
2.10256277241026,2.060348617240529,2.144776927579991,0.529
3.2518842142475193,3.2245929790368533,3.2791754494581853,4.862
1.7514280850486772,1.7203868365440178,1.7824693335533366,4.996
3.3080704303208774,3.267378637295986,3.348762223345769,3.349
3.1863195556779025,3.1497967091880072,3.2228424021677977,3.447
4.013894132695158,3.815390178135892,4.212398087254423,6.419
3.786227375639478,3.5870050528306123,3.9854496984483436,2.586
1.784583631703221,1.7430974005652673,1.826069862841175,1.962
2.1864204878923994,2.1490368779861813,2.2238040977986175,4.908
3.0264811606255035,2.98855184427712,3.064410476973887,2.889
3.337749853857194,3.3093152628621523,3.3661844448522356,2.186
3.80159270582101,3.7564870328384936,3.8466983788035263,3.729
2.7577898908014564,2.7354595308504144,2.7801202507524985,4.818
2.3096889108283403,2.2760822394265325,2.343295582230148,1.376
2.675124618372852,2.6341538988052213,2.7160953379404824,5.175
3.2583671499523676,3.220983290724685,3.29575100918005,3.968
0.5438568952706289,0.4990064144997456,0.5887073760415121,1.099
1.5386502656140526,1.5032800832898514,1.5740204479382538,0.036
1.8780813119534934,1.8496798406857944,1.9064827832211924,0.158
3.8879651819167864,3.844457663225739,3.931472700607834,4.9
2.2487269324744177,2.22319183331504,2.2742620316337954,0.581
2.710291171347675,2.687487246343045,2.733095096352305,1.605
1.3324141148521886,1.3052267064120104,1.3596015232923668,1.719
3.7255092334182387,3.689052795565421,3.7619656712710565,4.781
0.8419638257714238,0.8035097600908717,0.8804178914519759,0.65
1.7028386719445714,1.6812664207401535,1.7244109231489892,2.546
3.1952117586413094,3.156417235096894,3.2340062821857245,3.155
2.6435355667115616,2.6170941472959326,2.6699769861271907,2.279
1.7091134728526567,1.6792530081615513,1.738973937543762,1.511
3.2906284324520163,3.2539724263931067,3.327284438510926,2.748
1.9103125458553285,1.8710627681624206,1.9495623235482364,2.478
3.8783557209182487,3.838976338492661,3.917735103343836,2.802
2.3814098646675745,2.350049310955064,2.412770418380085,1.693
1.1701223152168214,1.129103689751635,1.2111409406820077,0.526
2.961254679429599,2.9396489287929284,2.9828604300662698,2.557
1.3276267264175288,1.2991171229821687,1.3561363298528888,1.488
2.213415968468728,2.181086221089839,2.2457457158476166,2.169
3.7164017498405357,3.6756330998966016,3.75717039978447,2.934
2.6734078744723297,2.6342985701602744,2.712517178784385,4.857
3.6138506715350522,3.5664698117557525,3.661231531314352,4.15
4.260494717232621,4.219862042124753,4.30112739234049,4.23
4.045831228447405,4.001896595561951,4.089765861332858,2.43
1.2351704927349156,1.1903246835102577,1.2800163019595736,2.321
1.2153066910109025,1.1699350991320128,1.2606782828897922,0.763
3.2471005005021465,3.2150309252904816,3.2791700757138114,4.909
1.9998654592079084,1.9683811214979121,2.0313497969179046,4.377
1.3338967826156451,1.2956503389820533,1.372143226249237,0.285
1.8187461049694438,1.7767914103608464,1.8607007995780411,0.01
1.827568238009179,1.7922112694519472,1.8629252065664106,2.637
1.690789990330707,1.6592062044412839,1.7223737762201303,0.213
2.691790118976782,2.6612197609410675,2.7223604770124963,4.608
2.6233704090885075,2.5977300072680376,2.6490108109089774,4.437
2.3587710002788906,2.3166939750701427,2.4008480254876385,3.797
3.553865865411898,3.522346738247916,3.5853849925758805,4.518
1.2145520298029062,1.1745799676210695,1.254524091984743,0.789
2.0969144126620183,2.069206682023912,2.1246221433001247,1.176
1.6253649859010018,1.5892526782855567,1.6614772935164468,0.351
3.4844046594346114,3.4507782445082107,3.518031074361012,4.778
2.0732020692681563,2.0387567820179355,2.107647356518377,0.227
2.044135972195006,2.0119700247049734,2.0763019196850387,2.0
2.9020418359125024,2.8601441196274022,2.9439395521976026,0.719
1.4321373610989951,1.3997739322111697,1.4645007899868205,0.048
2.398484999528711,2.3586360011629135,2.438333997894509,2.288
3.923500746438701,3.8783765355064026,3.968624957370999,4.537
2.61936622381951,2.5990421040395835,2.6396903435994363,3.72
2.2910261954410673,2.2476385511689063,2.3344138397132284,1.66
1.338389014311424,1.302639559077795,1.3741384695450531,0.683
0.6257012901412594,0.5779354011357591,0.6734671791467597,0.426
2.1145480438563555,2.0751521954290046,2.1539438922837064,0.222
1.3777919855933785,1.3398308515995716,1.4157531195871853,0.547
2.0039747059641178,1.981080026857002,2.0268693850712336,3.303
1.5254580039243926,1.4903386371539586,1.5605773706948265,1.507
1.5327277939133037,1.4961634177046823,1.5692921701219251,0.559
2.886466787040753,2.8462485073811394,2.9266850667003665,3.095
3.1149587859663646,3.069938461872424,3.159979110060305,2.356
3.3758533229159244,3.33619218973479,3.4155144560970587,3.641
2.5099284917072193,2.476376133371551,2.543480850042888,4.588
2.5956225776075903,2.5624531836854083,2.6287919715297723,0.262
2.923406819330082,2.8956864381069347,2.951127200553229,4.518
2.645701847225051,2.605850196431485,2.6855534980186166,2.6
2.1540992912514474,2.1237078438273187,2.184490738675576,1.276
1.4994243276406025,1.4633218447743521,1.535526810506853,1.106
2.810374776130207,2.772704793042198,2.848044759218216,1.957
0.6751118932957192,0.6283107084040571,0.7219130781873813,1.043
1.3287899757196489,1.2931821850252605,1.3643977664140372,0.59
1.7558478671419255,1.7242462442442705,1.7874494900395805,0.17
2.9060146915248373,2.8691075943668847,2.94292178868279,4.111
2.820360832525043,2.7892100577154255,2.8515116073346607,2.934
4.107424369090383,4.063995900836111,4.150852837344655,2.658
2.4652904829746918,2.268863997291851,2.6617169686575326,1.872
2.663869886599338,2.604570736979333,2.723169036219343,2.286
1.3277496460277294,1.3004913270753824,1.3550079649800764,0.191
2.17630913236667,2.1482401366462263,2.2043781280871135,1.575
4.256573927345298,4.211524303720731,4.301623550969865,4.704
3.500859366102569,3.4696560297114933,3.5320627024936444,2.834
3.0416948174226897,3.0056075100152846,3.0777821248300947,2.694
2.843192278289039,2.811131805875559,2.875252750702519,3.182
1.6643315018943763,1.62907760860463,1.6995853951841227,1.792
3.0066744637115406,2.966998619931243,3.046350307491838,4.946
2.5738938007507857,2.542282068879164,2.6055055326224075,3.905
2.4980356177371923,2.4603308473372945,2.53574038813709,1.895
1.9442440844999873,1.9036275403701266,1.984860628629848,0.04
2.737901898777875,2.7068909316583474,2.768912865897403,2.589
2.2575382802351354,2.226797344672036,2.2882792157982346,2.219
2.3252809462064468,2.306824014233146,2.3437378781797475,0.713
2.4825188014048836,2.4457049214503073,2.51933268135946,0.01
1.7188839647697598,1.684338758499324,1.7534291710401957,0.418
3.337570050976873,3.305122823730304,3.370017278223442,5.206
3.5752519032055425,3.5299327656386894,3.6205710407723957,4.949
1.6108734515193694,1.5637724842336027,1.6579744188051362,1.326
3.672771645350758,3.6413141147979347,3.7042291759035817,4.628
1.9670252677597906,1.9298491569386789,2.0042013785809023,3.038
2.920706927710914,2.895528760652843,2.9458850947689847,4.722
2.956400348540445,2.931770484551077,2.981030212529813,4.775
1.7408089053025746,1.70989820268808,1.7717196079170692,0.072
2.2578838898909366,2.2339858788753695,2.2817819009065037,0.934
2.1046926883181625,2.0710141933138777,2.1383711833224472,2.273
2.8860879455834416,2.8587143848487746,2.9134615063181086,3.676
1.070522798169926,1.0338948763824038,1.107150719957448,2.991
1.5933840412776248,1.5617823528092267,1.6249857297460228,0.209
3.116991903475847,3.0909418647763878,3.1430419421753064,4.57
3.725589280921508,3.526531335537552,3.9246472263054644,4.893
1.801785585691238,1.7606908804495796,1.8428802909328963,0.582
1.8977882983463665,1.869614489449665,1.9259621072430682,4.458
1.8154997595072129,1.775904184727769,1.8550953342866567,4.745
2.101375514812404,2.0613849572579244,2.1413660723668833,2.068
2.365167646468155,2.3375600511742496,2.3927752417620605,0.986
3.474799208587202,3.4400386576056823,3.509559759568722,4.196
1.7045406624887913,1.6809152921189754,1.7281660328586073,1.563
2.1588391345637743,2.1331376426116,2.1845406265159486,2.878
1.0975732181833324,1.0601807517630497,1.1349656846036151,0.305
0.7001285115020001,0.6486567719363164,0.7516002510676837,1.927
1.6936646466135519,1.658781962630888,1.7285473305962158,3.267
1.1667925380294937,1.1314894728000922,1.2020956032588952,0.194
3.456632719082014,3.4118426248348626,3.501422813329165,3.749
2.553646574771826,2.5257881007597747,2.5815050487838778,6.188
1.709434811852992,1.6773135363876313,1.7415560873183529,3.38
1.5374444879124087,1.5065787172442775,1.56831025858054,0.807
1.6346367275303226,1.5918534924458498,1.6774199626147954,0.906
2.173991054360471,2.149345796752628,2.1986363119683134,0.567
1.4072890088246826,1.3708038553816544,1.4437741622677107,3.79
3.304808471522886,3.265498628116827,3.344118314928945,5.385
1.0084317488343448,0.9640588903770219,1.0528046072916677,0.16
2.892147369490949,2.859687307232982,2.924607431748916,4.797
0.9996783412953051,0.9529006208097759,1.0464560617808343,0.182
2.5100974216237932,2.4741003223780313,2.546094520869555,5.703
3.6391262752683597,3.5995812648538728,3.6786712856828467,5.274
3.591573061275003,3.5450665651087903,3.638079557441216,4.587
4.008874774969394,3.9618381594937366,4.0559113904450514,5.063
2.3853400343711364,2.356483881202237,2.414196187540036,4.529
1.801849248555753,1.763573276624164,1.8401252204873417,4.511
2.316484760680692,2.2970376341381353,2.335931887223249,2.948
2.3594629956793645,2.3273452131446173,2.3915807782141116,0.72
3.6726630108954406,3.6304219217203717,3.7149041000705094,5.354
2.4808586826044157,2.438848784633618,2.522868580575213,0.703
2.4769531615451332,2.439260822388921,2.5146455007013455,3.384
2.020152425630296,1.9935377492487023,2.0467671020118896,2.457
4.014914333471871,3.970497361267161,4.05933130567658,4.768
1.8675747531144005,1.8357010966410572,1.8994484095877437,0.733
3.9418982262802285,3.8964041195331336,3.9873923330273233,4.046
1.8658723725190578,1.8354498903293526,1.896294854708763,2.246
2.1733959899793183,2.1448347855236705,2.201957194434966,0.181
1.6297343002376128,1.5986568724309342,1.6608117280442913,1.543
3.2218564610148115,3.185834310509288,3.257878611520335,5.498
4.190365703774849,4.138545964144431,4.242185443405267,4.991
1.371469636443533,1.336224788350405,1.406714484536661,1.046
1.0290059582864364,0.9943082384322324,1.0637036781406404,1.56
1.8148269548771094,1.7884247766008186,1.8412291331534003,0.011
3.8873890328968943,3.8468250442303944,3.927953021563394,4.024
3.6629359259335685,3.6187405669502155,3.7071312849169216,2.276
2.5285863670050563,2.4950388348764765,2.562133899133636,4.841
0.17806660208455527,0.12968522039273944,0.2264479837763711,0.339
1.751482597824239,1.7114369805277205,1.7915282151207574,0.241
2.0608223342442717,2.0342235371509605,2.087421131337583,1.636
3.412305070118176,3.3791146857671706,3.4454954544691816,4.659
1.9112932548492005,1.8724619280290526,1.9501245816693484,1.444
2.086815632928763,2.0488161030912724,2.1248151627662533,1.669
1.6278316861776654,1.5825739530336516,1.6730894193216792,1.716
2.1108317311968747,2.078541660734469,2.1431218016592806,1.785
1.3842345734435377,1.3369050879409687,1.4315640589461067,1.616
4.046158056211497,4.002396977801524,4.08991913462147,4.365
1.0732860174587386,1.0226617897286463,1.123910245188831,0.805
2.6564263364413807,2.6159044223769357,2.6969482505058258,1.874
3.93064579775237,3.881988181703091,3.979303413801649,2.618
3.716823423597002,3.6751529580101794,3.758493889183825,2.465
2.173003740190106,2.1296042181308183,2.216403262249394,1.922
1.966084950421414,1.922969207093896,2.009200693748932,3.664
3.0093543944077896,2.958627331212051,3.0600814576035282,1.523
4.109678013201253,4.066307344295885,4.153048682106621,4.404
3.004410976641071,2.962139719063415,3.046682234218727,3.844
2.724100407370927,2.6879266504653336,2.7602741642765207,4.954
1.3230095218428446,1.2880478974989626,1.3579711461867265,0.728
3.5071392287883127,3.4719408710042776,3.542337586572348,2.91
1.8538017124555695,1.8229667758875139,1.884636649023625,2.681
1.621237342256021,1.5898377354621696,1.6526369490498722,0.714
0.17592944369599547,0.11714942001809196,0.23470946737389897,0.324
1.7016582347609106,1.6710193135096016,1.7322971560122196,0.682
1.1496340825407094,1.1098930276868828,1.189375137394536,2.583
3.899887544511724,3.854750850387038,3.94502423863641,2.47
1.9371922771870749,1.9042127130115127,1.970171841362637,2.342
1.3394793953408197,1.2996989581148835,1.379259832566756,0.737
4.038590586682183,3.9876031529218556,4.08957802044251,4.483
1.721961557981294,1.6846532114651718,1.759269904497416,1.773
1.1314681156878013,1.0943554134784264,1.1685808178971762,1.354
2.610005983352534,2.5799208385050143,2.640091128200054,3.77
3.777039844558506,3.735418264929168,3.818661424187844,2.349
1.885367674708076,1.8510201965992472,1.919715152816905,0.927
2.2673692733266355,2.242435240208224,2.292303306445047,2.604
1.2133701693159997,1.1792780787488313,1.2474622598831682,0.206
1.588284927528076,1.5597256140903928,1.616844240965759,0.254
1.1467999710945251,1.1054883501959898,1.1881115919930605,0.561
2.230472362534798,2.193048277884339,2.2678964471852567,1.709
3.616254312823772,3.578192025450125,3.6543166001974186,2.659
1.6919579562955336,1.6593264671835797,1.7245894454074875,1.781
1.8691669924659853,1.8312126624368856,1.907121322495085,0.01
0.19519953377773733,0.14738900748884043,0.24301006006663423,0.841
3.898875496208077,3.8478085143177623,3.949942478098392,2.901
2.063947496287446,2.0350023230376304,2.0928926695372616,0.158
4.234100107155606,4.191862786187283,4.276337428123929,5.316
3.4793516940757856,3.4346598042751655,3.5240435838764057,4.233
3.121893925877717,3.0795751959955977,3.1642126557598367,3.665
2.062712468898029,2.0288039686073933,2.096620969188665,0.176
1.35764238038496,1.323877980915115,1.3914067798548049,1.601
2.9087377195462665,2.870606024159927,2.946869414932606,2.818
2.226279528000124,2.188096960776039,2.264462095224209,4.725
1.1774537329089805,1.1394150627810644,1.2154924030368965,1.677
2.106709100065297,2.081196521054601,2.1322216790759927,3.602
2.9950873353788636,2.958797992127137,3.0313766786305902,4.175
2.4879110657565082,2.449843861444875,2.5259782700681415,0.757
2.484297586749339,2.4561216743866647,2.5124734991120135,2.488
2.480047189714831,2.4380988153573946,2.521995564072267,1.819
3.390184966944293,3.3543312494627515,3.426038684425835,4.07
3.5213554997153205,3.4888043739754186,3.5539066254552223,3.951
2.2411742714822402,2.2039722317961314,2.278376311168349,5.505
1.2319322123726897,1.1920651423610245,1.271799282384355,0.983
2.3112766119130694,2.2725269283072462,2.3500262955188926,2.63
3.4972126551653404,3.4482759581005498,3.546149352230131,2.65
1.2292472904730185,1.183530906713793,1.274963674232244,1.235
2.3587421775870876,2.319288713139865,2.39819564203431,2.598
2.0799919311369353,2.028234706252447,2.1317491560214235,2.016
4.327946056457987,4.278190510581719,4.3777016023342545,4.51
3.0274907654709016,2.992320418911655,3.062661112030148,4.127
2.2676812922866207,2.2414624885039323,2.2939000960693092,1.928
1.7479604183932302,1.707404168777615,1.7885166680088456,2.091
2.266763410884056,2.2462547753464355,2.287272046421677,2.033
1.4074253580035203,1.3714592294088908,1.4433914865981499,0.822
2.928380032987995,2.8850159833967584,2.971744082579232,5.04
1.5715839448719588,1.5345573700044894,1.6086105197394283,0.701
2.5262561456658035,2.4814875363638587,2.5710247549677483,2.791
3.4612971879064727,3.416444316626482,3.506150059186463,3.876
2.3793981245282985,2.3608981321042024,2.3978981169523945,0.01
1.8994082493119167,1.869031769569919,1.9297847290539143,1.542
0.4132517681857704,0.367111908583241,0.45939162778829984,0.981
1.3001934776365964,1.261910314731094,1.338476640542099,0.01
2.3812446276861463,2.355841440630391,2.4066478147419015,2.961
4.045401364575707,3.997963564153172,4.092839164998243,2.416
2.262934617919917,2.223073280822038,2.302795955017796,4.416
2.5917314412286445,2.570201250758307,2.613261631698982,1.722
2.847155216187747,2.814059027042122,2.880251405333372,5.144
1.6945300820117712,1.653084719011183,1.7359754450123595,0.803
2.6806099646267367,2.6395195348593705,2.721700394394103,5.828
0.661034201439756,0.60444339939771,0.717625003481802,1.298
0.7480156856931481,0.7075864575391689,0.7884449138471273,1.199
3.000005995184318,2.9475273706816387,3.052484619686997,2.364
1.9237706972383755,1.9015603643193117,1.9459810301574392,0.15
2.6043535022807127,2.5675504526333115,2.641156551928114,2.592
2.206133826626597,2.1810225794046607,2.231245073848533,0.01
2.073220162128747,2.042908903350896,2.103531420906598,2.547
2.6435384326894042,2.6073022782333712,2.6797745871454373,1.898
0.6451722846014146,0.6028186857505174,0.6875258834523118,0.139
1.9877309572768216,1.9463953295510514,2.0290665850025915,1.951
2.328426207848442,2.2911744472547104,2.3656779684421734,2.527
1.8944496746451343,1.8655859291362462,1.9233134201540223,0.251
2.500201737473713,2.4723006430849415,2.5281028318624843,0.72
2.843516643905765,2.819174470930498,2.8678588168810317,2.754
1.7609870757725745,1.727140178822388,1.7948339727227611,0.576
3.51746245272733,3.4815215689879175,3.5534033364667423,4.422
1.9842721150301483,1.9539532443681498,2.014590985692147,0.217
1.601783420176871,1.563438550843396,1.6401282895103462,0.843
1.4379632917029959,1.40033336889175,1.4755932145142416,2.066
1.5891825118159086,1.558177152560936,1.6201878710708812,0.774
2.326931211397261,2.28433844455553,2.369523978238992,0.893
1.2741768317983904,1.2336600736200982,1.3146935899766825,0.186
1.6675993522896566,1.6207015631213018,1.7144971414580115,1.608
1.9887897652656563,1.9506902706486864,2.0268892598826262,0.203
2.6919175357670673,2.671573085139518,2.7122619863946165,3.984
1.584027842700274,1.5372408877196067,1.6308147976809415,0.263
2.399994721447097,2.367823825111558,2.432165617782636,4.719
1.825243380418457,1.7963778832173538,1.85410887761956,1.468
1.3042210466894468,1.2700103886149041,1.3384317047639895,0.621
2.5006177532450002,2.4622647476546837,2.5389707588353168,4.171
0.9776477097053387,0.9389788438283783,1.0163165755822992,0.073
3.015571664101407,2.9771253393773662,3.054017988825448,3.213
1.1570495886236103,1.118641873213195,1.1954573040340255,1.584
3.2543396300352225,3.2121672462118966,3.2965120138585484,2.735
3.787893478292067,3.748690192484845,3.827096764099289,3.465
1.9295735877077203,1.8887246572685552,1.9704225181468853,4.888
1.9180559092434653,1.8907521321434289,1.9453596863435016,3.34
1.433319827842054,1.3893535155458299,1.4772861401382782,0.271
3.4258794257594234,3.3849431115633704,3.4668157399554764,3.161
2.6005298363434406,2.572014012269588,2.6290456604172934,2.779
2.166679061761022,2.141403292011897,2.191954831510147,1.723
1.7980918759833904,1.7559536882774376,1.8402300636893432,0.619
3.1398699839295494,3.1041808390189516,3.1755591288401472,2.593
1.8003436650615685,1.7670096118698515,1.8336777182532855,4.447
0.18703694081148414,0.13262339493495345,0.24145048668801483,0.373
2.317590492547698,2.2918532740970354,2.34332771099836,1.665
2.5426285630196066,2.501486211105581,2.5837709149336323,0.065
3.0023546992968626,2.9775883749965617,3.0271210235971635,3.058
2.2717417495016576,2.2443772448745016,2.2991062541288136,1.414
1.1069546982228788,1.0673767902714222,1.1465326061743355,0.347
1.8675135758297163,1.8285226505065777,1.906504501152855,4.872
1.7432962067418947,1.7123739265942013,1.774218486889588,0.779
3.346906476088715,3.3053412454417734,3.3884717067356562,3.21
1.5188605916981626,1.493362309940724,1.544358873455601,1.383
3.23668198534867,3.210391279688297,3.2629726910090433,2.25
2.5963232366497397,2.5565059172464326,2.636140556053047,3.936
2.2248869984639206,2.19399727902216,2.255776717905681,0.323
3.578091852508384,3.5383195087288293,3.6178641962879388,2.498
3.1751425116865404,3.144121980417273,3.206163042955808,2.755
3.282162083476149,3.254983827221461,3.3093403397308374,4.282
4.064548811176461,4.022254797962704,4.106842824390219,3.867
1.2560427332295074,1.2099637137989223,1.3021217526600926,1.89
3.617623729390177,3.568778012398417,3.6664694463819374,5.117
2.0339431918010855,2.0086451705595656,2.0592412130426054,4.662
3.4873798744227136,3.4517438959484767,3.5230158528969504,3.284
2.018808612218445,1.978947494647535,2.0586697297893553,0.625
1.798398856855281,1.7666574422389956,1.8301402714715662,0.01
1.4909479270564212,1.4485294382300031,1.5333664158828393,0.76
2.052620028723689,2.0171578812337976,2.08808217621358,2.029
1.987739051134319,1.95923349307198,2.016244609196658,0.581
4.133818005552743,4.0886015044198345,4.179034506685651,3.84
2.514578229877868,2.482230160911244,2.5469262988444923,3.736
1.5977173368535729,1.556217998251042,1.6392166754561037,0.744
3.692696085316829,3.6611021022164145,3.7242900684172433,4.052
0.9405330978202893,0.8943290563446111,0.9867371392959674,0.089
1.7670745780215105,1.7333263175331421,1.8008228385098788,2.16
0.9158027159434805,0.8805173263782861,0.951088105508675,0.029
1.6457755283223916,1.619067048661333,1.6724840079834502,3.562
3.418162657977907,3.378075448978232,3.458249866977582,2.196
3.2963363260819705,3.2668161001290876,3.3258565520348533,4.928
1.6920088588911721,1.658045904000976,1.7259718137813682,1.813
3.339000571864273,3.2975158198196075,3.380485323908938,3.18
2.0225492456561693,1.9971039052819748,2.047994586030364,0.246
3.5990783748666635,3.551197387366165,3.646959362367162,6.245
1.522992308399458,1.498903408040315,1.5470812087586012,0.233
1.259057069612603,1.216201152396859,1.3019129868283472,0.037
2.759631787462234,2.7325526688592676,2.7867109060652,2.336
2.39086303145632,2.3577736408450343,2.423952422067606,2.986
2.493210334218942,2.451869709192574,2.5345509592453097,0.682
2.3666705748644987,2.3413711822206085,2.391969967508389,3.527
3.8390838540465695,3.7956212068696975,3.8825465012234415,4.799
4.164079163555577,4.118203381842309,4.209954945268845,2.769
2.161745084001692,2.120717124650202,2.202773043353182,4.594
4.18318912024042,4.130251652250945,4.236126588229895,3.073
0.6418059543442737,0.6006425098242972,0.6829693988642501,1.036
1.902445445681349,1.8733351743776603,1.931555716985038,1.507
1.8239758004572437,1.7926882824817734,1.855263318432714,0.653
2.416126917511276,2.374872019969052,2.4573818150535,2.903
1.9618334470326722,1.921566976711522,2.002099917353822,0.074
3.4219367536900815,3.388295732673723,3.4555777747064402,2.585
2.297170937510408,2.2689242213752308,2.325417653645585,2.089
3.5904034093802313,3.557849526249931,3.622957292510532,2.536
2.5469492774879274,2.5242816835634088,2.569616871412446,1.522
1.5045581747737524,1.4806608320167447,1.5284555175307601,3.033
2.7460113798362906,2.717794154504772,2.774228605167809,4.198
2.4624900263230862,2.4232981721777347,2.5016818804684378,3.86
2.2780588547315914,2.2400258742718964,2.3160918351912865,0.118
2.2597850388308944,2.231401487936949,2.28816858972484,1.465
2.8879364010187856,2.8583459985992983,2.917526803438273,2.655
2.2707577429389185,2.2389920445743954,2.3025234413034417,4.405
1.5979484924235139,1.5667940320976104,1.6291029527494174,2.234
1.948474648134933,1.9063130769778673,1.9906362192919989,4.331
2.14444052564539,2.116871216753994,2.1720098345367855,4.252
1.2930545814251841,1.2520919971208748,1.3340171657294935,4.153
0.9834438155123592,0.943067020798555,1.0238206102261633,0.525
2.7424831648844203,2.7063709217880363,2.7785954079808044,2.429
2.4550904998980174,2.418270107258403,2.4919108925376316,4.449
2.284139499087543,2.241910144445725,2.326368853729361,2.127
2.322001933401858,2.2895967978487564,2.354407068954959,1.673
1.4842233558045819,1.4464157919300356,1.5220309196791282,1.065
1.9950707857656171,1.9652012045183769,2.0249403670128574,0.966
1.5051732054028506,1.4582810899763525,1.5520653208293487,1.891
1.2552378376733861,1.2092541649722803,1.301221510374492,2.335
1.8179052560857216,1.7882630932942514,1.8475474188771919,2.481
3.618734817429654,3.575838718328308,3.661630916531,2.928
3.802314653690113,3.759674662786454,3.844954644593772,2.719
3.4985690959680693,3.4633924811999544,3.5337457107361843,4.078
3.4378589556164663,3.401467260793634,3.4742506504392985,2.334
2.604481672004247,2.5734824683369206,2.6354808756715737,4.634
0.7674648768515546,0.7200283377577343,0.8149014159453749,0.849
2.369600776712025,2.3337593121454674,2.4054422412785827,2.086
2.9495074015865206,2.9081862053811363,2.990828597791905,4.201
2.4300469563635656,2.3995725570698387,2.4605213556572925,1.755
2.042262176103258,2.012361063386043,2.0721632888204735,1.723
2.036542652129547,2.0112124826216577,2.0618728216374365,0.751
2.9601518049575604,2.917239969596486,3.0030636403186346,2.388
1.685646928007688,1.65076343138892,1.7205304246264561,4.858
1.8156747397942394,1.7818863399231857,1.8494631396652932,2.04
1.3924626533490678,1.1944585014676623,1.5904668052304733,2.451
2.4072107062521333,2.3821729812754917,2.432248431228775,1.836
4.251039167038357,4.204202473357774,4.29787586071894,2.648
2.6920117057777038,2.656348172701861,2.7276752388535463,2.394
2.5253319558512692,2.4933252690084644,2.557338642694074,1.691
1.5951751059071284,1.543175215500752,1.6471749963135047,1.803
1.7449986889199984,1.7099274530752406,1.7800699247647562,4.487
1.9628684889306278,1.9353052729290698,1.9904317049321858,5.411
1.733558433755683,1.7117399002076281,1.755376967303738,4.445
4.044836697905016,3.9955919342572472,4.0940814615527845,2.834
2.9875583337081992,2.958646072241851,3.0164705951745474,4.657
2.543767216411217,2.490070379080712,2.5974640537417217,2.927
1.9081898188160022,1.879509379244849,1.9368702583871555,0.01
1.6989337288568251,1.6658573034367283,1.732010154276922,0.107
2.3759995125134172,2.350734072540933,2.4012649524859015,1.591
2.5338279584739354,2.4970242077207105,2.57063170922716,0.747
2.515000518364557,2.4711612120724555,2.558839824656659,1.145
1.420566433115429,1.3901165482460147,1.4510163179848434,0.662
2.102402119342087,2.061067231322956,2.143737007361218,1.716
2.349027990840021,2.321069096765103,2.376986884914939,3.054
1.8219248610297762,1.7878089993172372,1.8560407227423152,2.603
2.026211771506184,1.9952221100684973,2.0572014329438706,0.183
2.2468143639520277,2.204324975071749,2.2893037528323066,0.307
1.9147390066803123,1.8759510670663673,1.9535269462942573,1.016
1.8132984694611674,1.7810677964909845,1.8455291424313502,4.535
3.228416990301385,3.1940493537598877,3.2627846268428824,2.367
2.026873046655189,1.9813780100066303,2.0723680833037483,0.88
2.9611557368198964,2.9304671405121634,2.9918443331276294,1.99
1.8599431577057597,1.8280459638196633,1.891840351591856,3.121
3.9836823876048055,3.938136423199026,4.029228352010585,4.322
2.5615459256851496,2.513954560841129,2.60913729052917,1.625
3.8977621806302873,3.8560031960457675,3.939521165214807,2.316
1.2272510247266308,1.1812575135391494,1.2732445359141122,2.475
2.0779178626261667,2.0397226377921123,2.116113087460221,0.304
4.187062195774115,4.147207406454477,4.226916985093753,2.89
3.0579402421198507,3.0208323510580537,3.0950481331816477,2.795
1.4897147373222315,1.4468423301444824,1.5325871444999806,0.186
1.0971093961386402,1.061909352734063,1.1323094395432174,1.299
1.4274023403700915,1.3945792729837578,1.4602254077564252,2.05
2.018441680501821,1.97668361604234,2.0601997449613014,4.749
1.8285223930747534,1.7904009767729765,1.8666438093765303,1.92
1.3795194183767632,1.3503776847335558,1.4086611520199706,1.733
2.3484844074314335,2.3130428744476395,2.3839259404152275,0.789
2.22096962551108,2.1886901543798807,2.2532490966422793,0.054
3.444766200774655,3.413097212234275,3.476435189315035,4.635
1.4584597379268027,1.4212491344431808,1.4956703414104247,0.539
3.214541808999309,3.1763422956373724,3.2527413223612456,5.509
1.7379389434586288,1.6960847844206781,1.7797931024965794,1.578
3.861028315348146,3.815752823318971,3.906303807377321,4.962
1.1967958226278208,1.1605418686277915,1.23304977662785,0.04
1.8428099784925656,1.8159832963985287,1.8696366605866024,0.024
2.583476996742519,2.541726517664144,2.6252274758208936,2.174
2.351012503284734,2.3140630150262176,2.387961991543251,2.817
1.9740295351369763,1.9469624650414008,2.001096605232552,1.326
1.0533973174479507,1.0116666235866991,1.0951280113092023,1.259
1.7262829985442576,1.6904917610844583,1.7620742360040569,1.865
4.043470024348663,3.998671600591878,4.088268448105447,4.838
3.1642466206246103,3.133617369175426,3.1948758720737946,2.359
3.497107391361258,3.4623135199348902,3.5319012627876254,2.471
2.2171621233026535,2.1808072756915164,2.2535169709137906,5.316
2.621868903985537,2.5976246584917733,2.646113149479301,5.257
2.1461168031265165,2.1102546308041013,2.181978975448932,2.166
1.9330079764266999,1.9045357673644718,1.9614801854889279,3.02
1.9608641296035851,1.9295632365715103,1.99216502263566,4.709
3.9185912371852045,3.8815748582743406,3.9556076160960685,2.819
2.9095192602144477,2.8868691643332425,2.932169356095653,3.267
1.356578461205919,1.3272598995706375,1.3858970228412006,1.295
1.6220200173059547,1.5897352943284835,1.654304740283426,1.542
2.0163574259359414,1.9831275741261103,2.0495872777457724,2.31
1.9057024936772469,1.8858777397506423,1.9255272476038514,0.7
0.795934564262053,0.7492206486932016,0.8426484798309044,0.742
2.9114547750805695,2.8670496027184877,2.9558599474426512,4.714
0.5164356678815196,0.45936589117273197,0.5735054445903073,1.863
3.3094151851936235,3.2696985475942943,3.3491318227929527,3.18
2.391999620780877,2.3676878668023136,2.4163113747594407,5.402
2.3858001580271075,2.3504048752137665,2.4211954408404486,5.967
3.7418734349733147,3.6973690073685543,3.786377862578075,2.145
1.932188720407984,1.8992509882247965,1.9651264525911714,4.548
3.0636405989039495,3.024517194137103,3.1027640036707957,2.558
1.1796512337621474,1.15139045278648,1.2079120147378148,1.898
2.7075740459789808,2.6794705315341223,2.7356775604238392,5.064
1.3415367972851209,1.307884956961134,1.3751886376091078,1.669
2.4973636857206647,2.4689033462380094,2.52582402520332,5.144
3.274969557485835,3.221446198871464,3.3284929161002057,1.549
0.7967104232357476,0.7507513787668341,0.8426694677046611,0.779
3.776255433445977,3.732169160595376,3.8203417062965777,3.87
3.8072279475513064,3.761948933639567,3.852506961463046,4.634
2.48081640197213,2.4458415020558575,2.515791301888403,0.806
1.919325922594553,1.8799148949156514,1.9587369502734544,1.817
2.9281771355122848,2.90528841180572,2.9510658592188497,3.73
1.3405568744386231,1.3015203008614697,1.3795934480157765,0.039
4.0754238814744355,4.032704724154465,4.118143038794406,4.515
2.2908804385371506,2.232477824339155,2.3492830527351463,1.347
1.8908947547696564,1.8621661739325912,1.9196233356067216,1.707
2.1583271946216906,2.1294674944588534,2.187186894784528,0.05
1.0719140838788426,1.0268611831434655,1.1169669846142196,0.799
2.1062062040244798,2.073912260620859,2.1385001474281005,0.766
2.5629526932344646,2.5269401542760566,2.5989652321928727,4.176
2.212748358237183,2.1808549177222107,2.244641798752155,0.763
3.061901090406429,3.033429519285091,3.0903726615277676,4.208
1.6586086437512757,1.6304727639408645,1.686744523561687,0.558
3.445680027366763,3.40748166620223,3.483878388531296,3.159
1.0542448344133528,1.0170790150197897,1.091410653806916,1.576
1.720349580925944,1.6783032892415788,1.762395872610309,1.788
1.6576231903242769,1.6299464265799892,1.6852999540685645,3.996
2.701553677979904,2.657232051546016,2.745875304413792,0.714
1.816899073834289,1.788293263564197,1.8455048841043808,1.585
1.2519955280556516,1.2175168413425312,1.286474214768772,1.542
4.128231607972645,4.080763642185376,4.175699573759914,3.55
2.3586976326578024,2.326685057973148,2.390710207342457,4.278
2.2979403241856087,2.2663359801611156,2.3295446682101018,1.596
1.2731699234424423,1.2394227111293414,1.3069171357555431,1.024
0.8401027384786972,0.801205735765786,0.8789997411916084,1.492
1.964185639245489,1.928609818066337,1.9997614604246412,4.275
1.1952307477986415,1.1636798098925418,1.226781685704741,1.498
4.269773855243866,4.227163026406919,4.312384684080812,3.258
3.6642684176347693,3.6149654640914517,3.713571371178087,2.609
2.436288796422617,2.408441838306802,2.464135754538432,4.543
3.388763803926166,3.3392608638789643,3.438266743973368,2.8
1.9159874006046302,1.8970103324299028,1.9349644687793577,2.001
1.1997895439502286,1.1640934842934763,1.235485603606981,0.623
4.0002063233213585,3.9513526320047934,4.049060014637924,4.435
3.7058865326749215,3.669459977776008,3.742313087573835,3.213
1.3457264588130209,1.3105809390610106,1.3808719785650312,2.02
2.3905920200808386,2.3488956837244115,2.4322883564372657,5.053
1.6217186452934107,1.5783977245026408,1.6650395660841806,1.635
1.3290551522194793,1.2994105726679657,1.358699731770993,0.145
1.4995632763211832,1.4562557256598376,1.5428708269825289,0.239
2.052853631334308,2.019620262450535,2.0860870002180816,4.437
2.319784672132562,2.281595452277434,2.35797389198769,2.843
3.466648360329876,3.422375196186564,3.5109215244731877,4.718
2.44760190585793,2.4194933624607144,2.475710449255146,0.819
3.2650420959844344,3.2294907245699167,3.300593467398952,2.581
2.711841356823126,2.6589190811728534,2.7647636324733984,1.988
2.092404244425985,2.066654803025387,2.118153685826583,1.444
1.8796948551200416,1.8480044376192803,1.911385272620803,0.012
1.194569730829575,1.139362843394239,1.249776618264911,1.955
3.378087969187153,3.3367689626207175,3.4194069757535885,3.632
1.1455733736258702,1.1048596194755536,1.1862871277761868,1.062
0.1592181857592799,0.10288275303363437,0.21555361848492544,0.101
2.8108888025748646,2.7693817185825624,2.852395886567167,2.08
1.9848569960702245,1.9517218953152355,2.017992096825213,4.173
1.3266691355899327,1.2930031324590074,1.360335138720858,1.275
3.5889860675703225,3.5525280224220444,3.6254441127186006,4.437
2.6115439024440232,2.5701432453882456,2.652944559499801,2.529
3.812809959325612,3.7715473570378566,3.8540725616133673,3.315
1.8606636821331957,1.8415232495211908,1.8798041147452005,0.753
3.5151121345131635,3.4752909019663534,3.5549333670599736,3.788
4.083807978911524,4.032131938377111,4.135484019445936,4.789
2.205752426764186,2.1803607260022,2.2311441275261723,0.179
1.9657489642425912,1.9356485668603685,1.9958493616248139,4.904
4.027824803832059,3.9877539969759046,4.067895610688214,2.795
1.9017814092764325,1.871183768223476,1.932379050329389,3.758
2.476602677707505,2.452512736495027,2.5006926189199827,4.756
1.4176373580637238,1.3689136163694375,1.46636109975801,2.325
1.0949284404191444,1.0642509426862574,1.1256059381520314,1.42
4.11466606694864,4.06928502165044,4.16004711224684,4.77
2.840777316148193,2.7980166358280054,2.8835379964683807,3.014
1.144582085323219,1.1052601290341646,1.1839040416122733,0.735
0.6940921090976444,0.6476227643139967,0.7405614538812921,0.919
2.475639621400324,2.445320974076108,2.5059582687245396,2.527
1.5622835178854673,1.5281659045251799,1.5964011312457547,1.284
1.761709606208267,1.7156137685025574,1.8078054439139768,0.668
0.22435269140715802,0.1702170899165245,0.27848829289779153,0.685
1.8309466206765397,1.7994681703758793,1.8624250709772001,4.667
3.6179969991900887,3.586886780800046,3.649107217580131,3.287
2.5829240622653127,2.5539249191207016,2.6119232054099237,0.888
3.808700137598617,3.760994918505063,3.856405356692171,2.747
2.24386000296175,2.2138165802025904,2.27390342572091,1.417
3.03520677081435,3.0021361194067926,3.068277422221908,4.22
1.3704474456186109,1.3279180685384415,1.4129768226987802,1.401
4.138405234087912,4.088846231646566,4.187964236529258,3.812
2.5209430001971755,2.4797548254873565,2.5621311749069946,2.337
2.0311399569168334,1.9895119181938603,2.0727679956398064,0.154
0.6669716141025092,0.6225870766855787,0.7113561515194397,0.317
3.1049122681466983,3.0803014986991735,3.129523037594223,2.512
2.0317700825673684,1.9878659676421828,2.0756741974925537,1.655
1.2474227176917863,1.2187122530330736,1.2761331823504989,2.014
2.0200635831533162,1.9949150100820339,2.0452121562245984,4.183
1.6644660883400504,1.6259985967226764,1.7029335799574243,2.796
4.056571371661132,4.0073403540794805,4.1058023892427835,2.614
2.2241416981062034,2.198899749415183,2.2493836467972237,2.286
2.9382541948374348,2.878035347154403,2.9984730425204664,1.815
2.3595824931684755,2.3171324385997685,2.4020325477371824,3.534
1.3699182020827378,1.3361678094540284,1.4036685947114473,0.217
2.757473077886991,2.709710297353595,2.8052358584203874,2.188
1.80829739827178,1.7665718538768365,1.8500229426667236,3.856
0.4827997262880627,0.4405677038346548,0.5250317487414706,1.081
3.4664425636720697,3.422307262480329,3.5105778648638104,5.012
3.609549588139551,3.5663823201691076,3.6527168561099947,2.609
2.0325450538010563,2.0100029136943762,2.0550871939077364,0.53
3.8808052804551427,3.836039599187681,3.9255709617226047,3.826
0.44022390146009005,0.3896895203173129,0.4907582826028672,0.275
3.4557135642262744,3.4213385316582223,3.4900885967943265,5.898
2.270487031263533,2.252632763101422,2.288341299425644,1.508
1.9552292242035236,1.9124488096875176,1.9980096387195296,2.754
2.3734945736423874,2.3258323180900082,2.4211568291947665,1.337
2.2409545773016037,2.219240681288529,2.2626684733146787,3.731
2.368265156683123,2.3320166894217107,2.4045136239445353,3.613
1.6443848487509507,1.6078989375383905,1.6808707599635109,0.75
1.4084864537415644,1.375581535900972,1.441391371582157,4.044
3.5063181220847333,3.467264366209061,3.5453718779604055,2.326
1.3733614235362683,1.337817362789982,1.4089054842825546,2.075
2.9480291397936,2.9174541158048073,2.9786041637823923,4.098
2.7031156576856366,2.677577757892823,2.72865355747845,4.899
3.72615236124592,3.6843591787884638,3.7679455437033766,4.311
1.059296886487096,1.0218254714156991,1.0967683015584928,3.42
2.1113804085368812,2.0925963357909656,2.130164481282797,0.711
2.9849257487628584,2.929644123979285,3.0402073735464317,1.543
2.505486996791797,2.4662876446320228,2.544686348951571,2.886
3.5078071325364037,3.476290477789134,3.5393237872836734,3.39
2.329967700914852,2.2902506286777244,2.3696847731519792,1.946
3.0675072613234864,3.0438441607504165,3.0911703618965563,3.58
1.401227149460122,1.3746733059363283,1.4277809929839158,0.482
3.2954989720259302,3.2532439514774083,3.337753992574452,3.151
3.147336553256509,3.1133614283608253,3.181311678152193,2.4
2.236811331109338,2.205082691348335,2.268539970870341,1.65
2.0200225520078,2.0006036692514533,2.0394414347641465,1.913
2.33698372378944,2.3085636271498475,2.3654038204290324,3.877
2.8851353103556887,2.8423167618978913,2.927953858813486,2.164
3.78907582580793,3.738943472264891,3.839208179350969,3.188
3.2054611000411826,3.1693434375693705,3.2415787625129946,3.976
2.002855194088496,1.964741807888882,2.0409685802881103,3.807
3.2251445043944447,3.19681618084005,3.253472827948839,4.091
1.6553218778661858,1.6194817944873117,1.69116196124506,1.718
3.443944818800386,3.405038177465626,3.4828514601351457,2.57
2.3076899621147597,2.273104192547472,2.3422757316820473,0.767
1.3544696414710824,1.3162426642210163,1.3926966187211485,0.217
2.922939856165406,2.88691908099624,2.958960631334572,3.954
1.8031609829321258,1.7693310455975237,1.8369909202667278,3.876
2.0870251536785314,2.0575375388896657,2.116512768467397,4.407
1.302677775891991,1.2635946526870367,1.3417608990969452,1.054
1.7962647615649565,1.759394515841585,1.8331350072883281,0.01
2.411878964407892,2.387218910737447,2.436539018078337,0.942
2.2318553201924267,2.2008576218961586,2.262853018488695,3.661
2.7193525431647934,2.6828512779510523,2.7558538083785344,0.237
1.8830829711729191,1.854271098646414,1.9118948436994243,2.08
1.0779452575351494,1.0422950827840123,1.1135954322862864,0.549
2.3494909302027644,2.3240099957850515,2.3749718646204774,5.938
1.4286597961646927,1.3911371737554883,1.4661824185738972,1.813
2.713581892656189,2.672467658778104,2.7546961265342738,4.041
1.2865077493821322,1.2454925727797195,1.327522925984545,0.793
3.802490115690941,3.754774738900567,3.850205492481315,2.585
2.6989181103475284,2.6748638963713227,2.722972324323734,0.032
1.6050897183294286,1.565611725163054,1.6445677114958033,0.116
2.9873326866235006,2.9423751101440243,3.032290263102977,2.822
1.8062577356187917,1.7770684600157314,1.835447011221852,4.468
1.693828429006368,1.6394545222546146,1.7482023357581216,1.381
2.7049325393603176,2.6855521505651145,2.7243129281555207,3.332
2.6158831420840603,2.584989488810022,2.6467767953580985,1.491
1.843940772487438,1.804222992788306,1.8836585521865699,1.405
3.1006356820145213,3.045576745109367,3.1556946189196755,2.646
4.157776330559694,4.111529377768187,4.2040232833512015,5.182
3.9304339938484447,3.8954503775240914,3.965417610172798,2.703
2.092996487627045,2.0477636683549,2.1382293068991896,0.877
1.8332564637697588,1.7975015574509665,1.8690113700885511,0.148
2.148137988202691,2.115104462621849,2.181171513783533,1.313
1.6675908419576944,1.6453012644047365,1.6898804195106523,1.455
4.21820695765818,4.163048160633679,4.273365754682681,2.307
1.405754298481965,1.3620596303659076,1.4494489665980226,2.053
1.781495326896461,1.750555379290369,1.8124352745025532,1.296
1.534685123332654,1.5028764516747017,1.5664937949906061,1.577
2.095913328531667,2.0695133486650445,2.1223133083982897,4.33
1.3850129419733406,1.3415385406958777,1.4284873432508034,1.152
2.0455196740645882,2.012455025251528,2.0785843228776484,3.979
1.4088150169766989,1.376192848863312,1.4414371850900858,1.61
2.0115824304215275,1.9782270684715415,2.0449377923715137,0.182
2.434169702265706,2.4167535504162507,2.451585854115161,1.95
2.4885264272425203,2.450472742800958,2.5265801116840825,5.665
4.101085345186715,4.055065357748114,4.147105332625316,4.894
1.8024238959836822,1.777228701951068,1.8276190900162965,1.557
1.3304406917245455,1.2949621244331637,1.3659192590159273,1.245
1.775198307752965,1.7452048212015863,1.8051917943043436,2.287
1.9440586553729844,1.9087160740817508,1.979401236664218,2.696
3.8936163348176027,3.854921198931858,3.9323114707033473,2.923
2.0556807370313708,2.0102016126221813,2.10115986144056,0.69
1.4582791177521623,1.4251585010063366,1.4913997344979881,1.546
1.5704245725759964,1.5280171649337035,1.6128319802182893,0.066
2.0448011770740666,1.9942666304837011,2.095335723664432,1.673
3.0135278394533325,2.9860514015828756,3.0410042773237893,5.669
2.2813782142456325,2.255855339665696,2.306901088825569,4.217
1.4853971409369484,1.4407425732581556,1.5300517086157412,0.01
1.5990198164388054,1.5666402649180702,1.6313993679595407,4.254
2.0511258630890827,2.0033760956832376,2.098875630494928,1.885
3.8546430242418235,3.811586084459259,3.897699964024388,2.52
1.8852859972716873,1.849637909611026,1.9209340849323486,2.633
1.0089483105186074,0.9710165806142687,1.0468800404229461,1.393
2.9318171859537645,2.899304955961797,2.964329415945732,5.221
2.1787364745168034,2.1458424113524353,2.2116305376811716,4.217
2.6403713071112502,2.61193850770617,2.6688041065163306,2.504
1.875603816004857,1.8414434082601805,1.9097642237495334,0.774
2.5235546219759994,2.4979425956875723,2.5491666482644266,0.616
1.402040801796226,1.3691772250166212,1.4349043785758309,2.013
3.8272299632685094,3.7859333401121775,3.8685265864248413,2.581
1.6790403390021924,1.655504870913799,1.7025758070905859,0.884
1.9994143194202174,1.965964999629722,2.0328636392107127,2.706
1.5614337025306733,1.5346393332818415,1.588228071779505,4.634
1.1699129188907258,1.1315332185644866,1.208292619216965,2.147
2.2654887158764794,2.2399985833462153,2.2909788484067435,2.61
2.5839744275707206,2.5533941510351936,2.6145547041062476,0.623
1.415864818004513,1.3774702947251178,1.4542593412839082,0.163
2.26379452020976,2.2202717243800563,2.3073173160394638,5.397
0.4214339012822649,0.37204186632854813,0.4708259362359816,0.328
2.3822585631565008,2.346017120295697,2.4185000060173043,0.263
1.6512684114221319,1.6176012500333077,1.684935572810956,2.188
2.3192620618204454,2.2940948471029117,2.344429276537979,2.746
2.676380260813084,2.642984731865511,2.709775789760657,3.161
1.8646485666046082,1.8257380824613063,1.90355905074791,0.25
4.153161193171491,4.098147229354149,4.208175156988833,3.695
1.7185321165462517,1.686609780698434,1.7504544523940695,0.247
3.0217363829500705,2.980814561780554,3.062658204119587,5.01
2.2962556510046594,2.2765552777129185,2.3159560242964004,1.769
1.81358538236393,1.7824637818943607,1.8447069828334994,3.775
1.8937097119273152,1.8605707012636428,1.9268487225909876,0.874
3.2822228287644166,3.2553762617376423,3.309069395791191,4.935
3.8930752233479136,3.8553212818005935,3.9308291648952336,2.406
2.9268933315025256,2.8892810585895763,2.964505604415475,2.816
1.1819023878266814,1.1442377165822049,1.219567059071158,0.88
1.1345926530806714,1.102091073326121,1.1670942328352216,1.747
2.9596939358268015,2.928316081950865,2.991071789702738,2.311
2.415511826967869,2.3981381063053644,2.4328855476303732,0.923
2.9051889086282165,2.874400221393001,2.935977595863432,4.454
1.6404334167723271,1.5931488488073637,1.6877179847372905,0.832
1.861514668223038,1.8316286368000916,1.8914006996459842,2.032
1.7671831712615078,1.7377711787077148,1.7965951638153008,3.085
2.520620199206149,2.491990602307141,2.549249796105157,1.529
2.0268543113038278,1.9970175477153855,2.05669107489227,0.25
2.050368474106271,2.0219092597502364,2.0788276884623054,2.039
2.382884209576223,2.350283132289812,2.4154852868626335,2.718
1.2718985678106052,1.2264845811574978,1.3173125544637125,2.248
3.4694960493491287,3.420848142529701,3.5181439561685566,2.334
3.3103922892040503,3.2595337209822577,3.361250857425843,1.598
2.266763410884056,2.2462547753464355,2.287272046421677,2.334
1.4464836856583978,1.413922304856679,1.4790450664601167,3.44
1.3509490705398248,1.322728569178942,1.3791695719007075,1.52
2.861683933199259,2.8239678666840766,2.8993999997144413,4.429
1.276955171653715,1.2504320886541835,1.3034782546532466,1.884
3.4085113199007187,3.3689198044562065,3.4481028353452308,2.71
3.381675266929811,3.347326245658359,3.4160242882012635,4.651
1.8023555796286181,1.7661514426173468,1.8385597166398895,1.758
2.9981144909482023,2.95468605689465,3.0415429250017545,2.08
2.011128290440788,1.9664016535540305,2.0558549273275455,5.536
2.982268278239907,2.9391226838726565,3.0254138726071576,4.163
3.8040356687741577,3.7563729040739973,3.851698433474318,5.103
1.8053754465823428,1.7713676674894892,1.8393832256751965,4.098
0.48186333335471376,0.4392277461065274,0.5244989206029002,0.129
4.185812474942706,4.130379998240642,4.24124495164477,2.946
3.1478354438698006,3.1111990040680984,3.184471883671503,2.47
1.9709366081151618,1.9378366076280513,2.0040366086022723,2.195
2.427998630207322,2.3999715423455297,2.4560257180691143,0.975
4.2641507341737475,4.210164812749555,4.31813665559794,2.574
1.8176414202723359,1.7771834361889027,1.858099404355769,4.822
2.386565231850334,2.355296568507233,2.4178338951934353,4.695
3.141416754602872,3.1043168585778536,3.178516650627891,2.972
2.1340369019128205,2.10999663408824,2.158077169737401,2.144
0.9139223512856339,0.8737889918582566,0.9540557107130112,0.485
1.480961420854319,1.444645969840049,1.517276871868589,0.559
2.3353974597873113,2.297106285429007,2.3736886341456156,4.197
1.7532864484258603,1.7188196465061418,1.7877532503455789,3.426
3.2489329529658715,3.21313514944504,3.2847307564867028,2.838
1.1074886529580095,1.0768107813610839,1.138166524554935,0.048
0.44009177658010173,0.3908286356192205,0.489354917540983,0.044
3.4255165822255456,3.3917006971105197,3.4593324673405714,4.696
1.3588903423128622,1.3240495222727053,1.393731162353019,1.581
1.6076177754952836,1.5842944415500584,1.6309411094405089,0.523
2.5175980316021285,2.4911413379611265,2.5440547252431305,4.425
0.7892919483835866,0.7436110183338899,0.8349728784332834,0.485
3.9612326590477513,3.91855891580434,4.003906402291163,5.026
3.6231006101197223,3.5872169872359025,3.658984233003542,4.421
1.578965111802171,1.550265748583975,1.607664475020367,0.234
0.7739675259691807,0.7290602819665134,0.818874769971848,0.01
1.8028604378670123,1.7820088877335767,1.823711988000448,2.118
1.20673499162633,1.172108572072925,1.2413614111797349,0.183
0.7468107358073296,0.6995417813524821,0.7940796902621771,0.935
2.2470006529003235,2.206232937169162,2.287768368631485,0.226
1.9578548002803164,1.9220388843388179,1.993670716221815,2.101
3.896411366655921,3.850239463839991,3.9425832694718506,4.259
1.3637329646980907,1.324378952081543,1.4030869773146384,2.102
2.9382186228396603,2.8972520899439496,2.979185155735371,5.019
2.5299964246757285,2.4979837604658726,2.5620090888855844,2.539
2.610642932259848,2.5694542822444904,2.6518315822752054,1.977
1.824556753962993,1.7940712761408562,1.8550422317851298,1.674
2.3641265875522928,2.3307560519816652,2.3974971231229203,3.592
2.4416919469159177,2.403821415226732,2.4795624786051036,2.366
0.43912253716289007,0.38989596111415525,0.4883491132116249,0.022
3.459360923246272,3.426060486458033,3.492661360034511,2.249
3.5887132836504008,3.5521936746425165,3.625232892658285,4.319
1.5548349448943957,1.5265175694736173,1.583152320315174,3.794
1.5767062647197394,1.541860103432524,1.6115524260069547,0.604
2.579109210955153,2.5428080650358917,2.6154103568744147,2.007
2.3810612282668346,2.3530509262186032,2.409071530315066,4.84
2.1670700753088785,2.1278379504464904,2.2063022001712667,1.914
1.9783479756354407,1.9392797192602198,2.0174162320106617,0.258
4.1920361633674315,3.9915173185001,4.392555008234763,2.653
1.8188110774921349,1.7879751584891022,1.8496469964951676,3.997
2.1972153147171576,2.167230284691375,2.2272003447429403,1.484
4.050591241321492,4.006503621585423,4.094678861057562,4.559
2.805039293465944,2.774782433165903,2.835296153765985,2.918
3.544336946866572,3.5038793750325525,3.584794518700592,3.604
1.8033635364916702,1.7657362989881085,1.840990773995232,1.495
1.175958586479179,1.13590632842018,1.216010844538178,0.935
1.3296273609325073,1.2912740392003659,1.3679806826646488,0.514
3.449697454608567,3.4119470642451613,3.4874478449719724,5.085
3.6774198590885305,3.6302509695553424,3.7245887486217186,3.241
1.6955089719307281,1.6549770088423517,1.7360409350191046,1.743
1.642154346367371,1.6073045013468532,1.6770041913878886,1.466
1.1041558042181197,1.055443960052508,1.1528676483837312,2.214
2.356645571897962,2.3340387477182323,2.379252396077692,1.033
2.0958859338667133,2.059012520003563,2.1327593477298636,0.694
2.1697548460945635,2.1359086244178616,2.2036010677712654,0.758
4.1170831657247104,4.0735122867013835,4.160654044748037,5.355
1.7356044723110104,1.7059744057988147,1.7652345388232062,3.31
1.351502634705648,1.3138551757659038,1.3891500936453922,2.248
2.4785821281075893,2.4405184804307027,2.516645775784476,0.605
2.2805647043022175,2.242429416828862,2.318699991775573,0.557
4.033305923719915,3.9848607842275046,4.081751063212326,3.232
2.6120379108940375,2.581978726510915,2.64209709527716,6.298
2.035288305696686,1.9970721595710939,2.0735044518222785,2.399
2.2748802101741004,2.2358528375016014,2.3139075828465994,2.808
1.604838595771697,1.5698030905026685,1.6398741010407256,1.258
1.8256143443617225,1.7929736493754924,1.8582550393479527,1.935
2.8483155072421122,2.8238238076893114,2.872807206794913,2.18
3.5973265197222757,3.5626987111167705,3.631954328327781,2.499
2.40996715859054,2.385373014819024,2.4345613023620554,0.929
3.560516853409427,3.51261052061145,3.608423186207404,3.514
2.5481369675254584,2.5274576627477874,2.5688162723031294,4.318
1.880637200700355,1.8417419175550682,1.9195324838456416,2.149
3.6599084028969213,3.6247629572624636,3.695053848531379,2.679
2.4926586539521076,2.463006028470026,2.5223112794341893,0.18
2.23694722708464,2.208982288935486,2.2649121652337945,0.644
2.4372504838774143,2.3976333743110696,2.476867593443759,0.624
3.325434507792468,3.284493012838712,3.366376002746224,3.016
2.3076759818564514,2.2606821468819662,2.3546698168309366,2.177
1.3350001175746211,1.301636661918379,1.3683635732308632,0.53
1.1944115700785145,1.166401430055449,1.22242171010158,0.05
1.903219082431886,1.8679585501996971,1.9384796146640748,3.038
4.345071419231763,4.145464692959422,4.544678145504104,2.701
2.2536612311607067,2.2152328048095624,2.292089657511851,4.639
2.959336820112495,2.927160958794973,2.9915126814300175,2.917
1.2501624876904387,1.213246047040651,1.2870789283402264,0.573
2.7362129757984324,2.712535422010567,2.759890529586298,4.244
2.4356052674247506,2.3891880860721972,2.482022448777304,2.208
1.9847874587189138,1.9572832380562368,2.012291679381591,3.409
1.2554946548365638,1.2133905063587893,1.2975988033143382,1.036
2.2415996801092737,2.2226209308912543,2.260578429327293,1.606
3.397070293577039,3.366142803753594,3.427997783400484,2.504
2.9995072000889134,2.958917893682724,3.040096506495103,2.154
2.4622809000613275,2.4209028206004897,2.5036589795221653,0.207
2.067356406285417,2.0290348315018703,2.105677981068964,1.71
1.6340461014217609,1.587820531968235,1.6802716708752867,1.568
2.082185397399695,2.0515112690724875,2.1128595257269023,3.396
1.6318830759205496,1.591675322809089,1.6720908290320102,2.007
2.2718223290282666,2.2399628921751638,2.3036817658813695,4.932
1.171688157690418,1.1290294813775417,1.2143468340032941,0.534
2.4206993925517217,2.396904520138822,2.4444942649646215,4.547
2.5854163482003902,2.546610185309439,2.6242225110913413,3.284
2.3533612864159696,2.317106128204208,2.3896164446277313,0.041
1.8495051261116047,1.829084863155726,1.8699253890674834,2.358
1.6322505502523559,1.5985298210384746,1.6659712794662371,0.046
2.1332059191541926,2.0939369941846735,2.1724748441237116,2.418
0.7322741776449384,0.6883354170142009,0.776212938275676,3.433
2.773612061999892,2.7477878872301797,2.799436236769604,3.827
1.784549302011675,1.7573853692306964,1.8117132347926534,4.278
1.9044356162595346,1.8710786631159257,1.9377925694031435,0.212
2.5475422052536003,2.5054420983159957,2.589642312191205,1.179
1.3311585847831922,1.2866680178819947,1.3756491516843896,2.629
1.8374871785285625,1.804593053488103,1.870381303569022,1.443
1.8011151649197836,1.7682766986117946,1.8339536312277727,1.639
3.086528347236862,3.043114760782871,3.1299419336908527,5.651
2.240488702116755,2.2018835414552713,2.2790938627782387,5.206
2.008926453904607,1.964913764330495,2.052939143478719,0.313
2.4504092373693824,2.408672483662862,2.492145991075903,2.934
3.1178747162999403,3.0886422975906,3.1471071350092807,4.327
2.294832580496914,2.2646405514870214,2.325024609506807,4.554
3.324544538510659,3.2911462668887292,3.357942810132589,4.321
4.0971528101949435,4.046176691366364,4.148128929023523,3.259
0.3951594784455795,0.337572409230965,0.45274654766019407,0.302
2.0611538932059497,2.0353229130703925,2.086984873341507,3.476
1.1826026022284262,1.136798943117696,1.2284062613391564,1.579
1.4322738815763076,1.39937146754537,1.4651762956072454,0.551
2.0765448913276434,2.0386344877424665,2.1144552949128204,3.675
1.8637222742571136,1.8435909115641373,1.8838536369500898,3.584
0.2641851182737003,0.21409841592630136,0.3142718206210992,0.054
2.4441137304580316,2.4028906297359987,2.4853368311800645,2.134
1.5892214352319873,1.5585163335797354,1.6199265368842393,4.095
2.288097471743168,2.2700337571813978,2.3061611863049385,1.635
2.4503897992174206,2.4127412576241585,2.4880383408106828,1.053
1.3797897816892213,1.3455798948758535,1.413999668502589,3.449
2.3332469525082846,2.2967920062098126,2.3697018988067566,0.75
1.7497840841288117,1.7225008605249301,1.7770673077326933,1.415
1.82139943026754,1.783606223069874,1.8591926374652061,4.598
2.046341056167406,2.017018134460392,2.0756639778744197,5.249
1.350792835652791,1.318919934300044,1.382665737005538,1.524
0.483724181581754,0.4409787207283349,0.5264696424351731,0.11
2.035506475859711,1.9974466434802143,2.0735663082392075,0.181
2.4923894567895157,2.4507850221844114,2.53399389139462,2.064
3.182074221032349,3.139264214868147,3.2248842271965508,3.87
1.9328539252870451,1.8830242599904348,1.9826835905836555,1.395
3.7099787614911146,3.667330485814731,3.7526270371674983,2.795
1.7563338548365535,1.7086515956682864,1.8040161140048205,2.007
2.37297421197677,2.326876271118206,2.419072152835334,3.683
1.672362168107849,1.6380705239763345,1.7066538122393637,1.645
1.5719766077294954,1.5317294898502773,1.6122237256087135,0.181
1.5607327595064102,1.5288119365732435,1.5926535824395769,0.681
4.009888155633709,3.968961505713988,4.050814805553429,4.069
2.75254250834085,2.7111227613518847,2.793962255329815,1.855
2.4684632305296557,2.441367879493278,2.4955585815660335,2.765
1.0982228127175107,1.0514919508072116,1.1449536746278097,1.524
2.267424902376512,2.2259225799191817,2.308927224833842,1.818
1.8877880028030547,1.8570722936470947,1.9185037119590147,0.704
2.477325999477177,2.436168385766279,2.5184836131880752,1.973
1.4363379351820418,1.408178657294775,1.4644972130693086,1.712
2.4596506573160575,2.4156122515039855,2.5036890631281294,1.8
1.5634488781748732,1.5132549688821433,1.6136427874676031,0.187
2.4328429019121027,2.413734131359517,2.4519516724646886,2.417
2.8754721044732334,2.8385763990426995,2.9123678099037673,4.824
4.303004799957163,4.253700481473007,4.35230911844132,5.151
4.135475919230676,4.084860186586108,4.186091651875244,2.644
1.9938633224009985,1.9598951585507416,2.0278314862512556,1.855
1.1946230431156528,1.1659581402047212,1.2232879460265844,0.63
2.142319089159858,2.103809172385178,2.1808290059345374,0.194
2.964598093965884,2.920427248291472,3.008768939640296,2.391
2.1621568134827687,2.143978468965748,2.180335157999789,3.306
1.7685564734169468,1.7263359123240563,1.8107770345098373,0.271
2.99731512923043,2.944580689605472,3.0500495688553877,2.676
3.1046719404024175,3.072295688294722,3.137048192510113,2.835
2.7338660797053564,2.7005213579289116,2.7672108014818013,3.534
3.7214709529085828,3.681731582128396,3.7612103236887697,4.127
1.6441644047762358,1.6004787081747156,1.687850101377756,0.297
2.1975693800958944,2.1660065928952488,2.22913216729654,5.121
1.5090441314199794,1.4780187729833465,1.5400694898566123,2.27
2.2678938824664683,2.236927972889386,2.2988597920435505,3.772
0.8281029715695246,0.7809979231292286,0.8752080200098207,0.146
2.0670421543039255,2.0342845946195824,2.0997997139882685,0.943
1.4995632763211832,1.4562557256598376,1.5428708269825289,0.72
2.611518902445939,2.5730522887238627,2.6499855161680155,2.99
2.8645970522826953,2.8288883368277147,2.900305767737676,1.196
1.5975006138415224,1.5650062068470698,1.629995020835975,4.771
2.497948566760741,2.465678034535088,2.530219098986394,3.014
2.3207345825961214,2.2769322014127615,2.3645369637794813,0.744
2.8123562383975167,2.7887793558451666,2.835933120949867,4.276
2.4413878085795337,2.4093030203743098,2.4734725967847577,0.653
3.6484552129172783,3.6088025924919642,3.6881078333425923,2.884
1.3886103523641615,1.3550656342949972,1.422155070433326,0.04
1.6195299044780744,1.5902222200101999,1.648837588945949,1.484
0.9579799409750651,0.9098603589537517,1.0060995229963785,0.476
2.4188552415041538,2.3756737715773073,2.4620367114310002,0.644
1.8064500545156972,1.7653873212840692,1.8475127877473252,4.127
1.438529262568418,1.4027511297785629,1.4743073953582733,1.707
3.3849029452906394,3.342279986748039,3.42752590383324,3.898
4.219842864868842,4.167291045241352,4.272394684496333,4.444
3.6978989333696566,3.6568248912574983,3.738972975481815,2.778
2.352592961307125,2.3149960878134945,2.3901898348007555,1.823
0.25903777498549807,0.20770075511594255,0.3103747948550536,0.985
2.9366175507535255,2.9059584739830657,2.9672766275239852,4.196
3.0434859494238853,3.012188135621343,3.0747837632264274,4.873
2.014411800158492,1.969959813509997,2.058863786806987,4.664
0.8122800431196286,0.7657034282519685,0.8588566579872888,2.186
2.166542770290892,2.1289206502413967,2.2041648903403877,4.979
2.3429994199334323,2.3153620785726994,2.3706367612941652,4.23
3.788519703098587,3.744162198627777,3.8328772075693966,3.62
1.847567079125304,1.8192917179083377,1.8758424403422704,1.502
2.6947896600484103,2.654415078081673,2.7351642420151476,3.775
2.1630984009432264,2.1356345881341214,2.1905622137523313,0.663
3.2743924839672487,3.2410569754344065,3.307727992500091,2.95
3.7275188656995275,3.6913422267609874,3.7636955046380676,3.591
1.2193442462844368,1.1844619588228127,1.254226533746061,0.562
1.6931342497200947,1.6484175145590718,1.7378509848811177,2.377
3.8463774411645004,3.812078936942415,3.880675945386586,2.922
1.126557687814322,1.0911511883401714,1.1619641872884725,0.834
3.2468188839860948,3.215356004163247,3.2782817638089425,2.549
2.501939229312922,2.4587405727080207,2.5451378859178235,4.733
2.4098171570747344,2.3879688973170152,2.4316654168324536,5.011
3.8766926171797125,3.8387906750915173,3.9145945592679077,4.086
2.3669817122778984,2.3265523651074296,2.4074110594483673,1.018
2.7356310070095757,2.7065197705214583,2.764742243497693,4.146
3.2974476948457125,3.2568864835796076,3.3380089061118174,2.508
1.1854375490763676,1.1403441741334612,1.2305309240192739,2.775
3.692809084074232,3.644471440887429,3.741146727261035,5.192
1.5439856284595694,1.5090317578074863,1.5789394991116525,0.24
1.7030501449817093,1.6813625478813243,1.7247377420820942,0.222
3.9862383955788614,3.9402286475586945,4.032248143599028,2.143
3.481419789092612,3.441100245316556,3.521739332868668,2.872
1.718397392035972,1.6857856588998614,1.7510091251720827,6.073
3.259839261839511,3.2252069382194795,3.2944715854595423,3.93
3.5614720420138397,3.517087640678215,3.6058564433494644,3.92
1.6712441214708944,1.6323464870445283,1.7101417558972605,1.319
2.965123124766788,2.9262883615893065,3.00395788794427,4.153
2.3605660180075407,2.335579400963776,2.3855526350513054,4.161
2.238059730091714,2.207587775462744,2.268531684720684,0.011
1.613147106814356,1.5785867028051852,1.6477075108235266,0.048
2.2271908513679675,2.1961994325881986,2.2581822701477363,0.162
1.1554406713987757,1.118087216361538,1.1927941264360133,3.297
1.9746097444307726,1.937058763193034,2.0121607256685112,0.01
1.9079170485370116,1.8811603894468245,1.9346737076271987,1.001
2.4160349237272625,2.392219362047462,2.439850485407063,1.732
3.9445098169022352,3.9085880364890557,3.9804315973154147,5.073
0.2067186411372352,0.15445466772113092,0.2589826145533395,1.315
2.458142288995076,2.4215550583959033,2.4947295195942485,0.178
2.5619016851811875,2.5358991185916464,2.5879042517707287,0.22
1.2314946497428039,1.1965343418417567,1.266454957643851,0.724
2.867899045050533,2.831303243834267,2.904494846266799,2.986
2.1920538652771553,2.163560556714422,2.2205471738398885,0.599
1.7451866722624387,1.7154996052629292,1.7748737392619482,3.923
2.486591416931113,2.4542538485334013,2.5189289853288246,2.725
3.1643421646742373,3.1313850098712663,3.1972993194772084,4.583
3.547192310657865,3.510431728745411,3.583952892570319,2.541
1.741634094854001,1.7088245266778184,1.7744436630301836,0.174
2.977494214533276,2.936120899984987,3.0188675290815654,3.144
1.9459240919896572,1.9107467051853364,1.981101478793978,0.651
2.455706605734404,2.426478667474781,2.484934543994027,0.769
4.344150389966773,4.30089882737303,4.3874019525605155,4.654
3.934376454760942,3.890351985972096,3.9784009235497884,4.578
4.117266362560181,4.067881419928063,4.166651305192299,5.404
4.1354325405699335,4.086633498043465,4.184231583096402,2.523
1.529321327965134,1.4938507115892206,1.5647919443410476,0.276
2.738765988904467,2.701750133990024,2.77578184381891,0.873
3.3935197790420797,3.1964630743845515,3.590576483699608,3.296
3.627059386300185,3.585827224960496,3.6682915476398743,4.165
2.2259726853312607,2.200551038589311,2.2513943320732106,1.577
2.434903340254454,2.3991119551304294,2.470694725378479,0.204
1.7998256065188183,1.7651079020404004,1.8345433109972362,0.972
2.174663858990574,2.1371598817411632,2.212167836239985,1.619
1.2557631698437397,1.2208781410071508,1.2906481986803287,2.042
2.003526124581527,1.9655378483802237,2.04151440078283,4.874
2.372025004313811,2.343883410836166,2.400166597791456,0.223
1.827028646377311,1.7982501730672327,1.8558071196873895,1.722
1.8553196289556895,1.8163904931185744,1.8942487647928046,0.453
2.213680433861925,2.188076081724685,2.2392847859991654,3.68
2.414872979966949,2.3868501673526747,2.442895792581223,1.947
2.3482914041083354,2.3169880145848656,2.379594793631805,1.978
2.1437641016353823,2.1004869360165053,2.1870412672542594,3.484
3.748602126274948,3.7156472403120997,3.781557012237796,3.239
2.428557448952984,2.404971091578187,2.4521438063277814,2.177
1.6946252277141147,1.6585992533568363,1.7306512020713931,0.631
3.8228549605653055,3.780811068372758,3.864898852757853,4.087
2.374360063639761,2.346914497450043,2.4018056298294788,0.518
0.5916674826989593,0.54636251066199,0.6369724547359286,0.079
2.9825555682729616,2.9495735031098818,3.0155376334360415,3.293
2.270352090528479,2.241871791852602,2.298832389204356,1.611
2.6432942140310627,2.602157640312942,2.6844307877491835,4.688
2.0324679877912457,1.9845961098683675,2.080339865714124,3.517
3.5053143732231744,3.471464153554188,3.5391645928921607,2.627
4.013539207312009,3.963198065901074,4.063880348722944,4.622
1.0672569720287606,1.0221604773919808,1.1123534666655404,1.47
3.8997134148715635,3.8577418197139774,3.9416850100291496,2.93
1.8260760940333298,1.7853110561181011,1.8668411319485585,1.737
1.3572122432998817,1.303793733788526,1.4106307528112374,1.158
3.0023546992968626,2.9775883749965617,3.0271210235971635,3.582
1.4689759156576925,1.436458392524722,1.5014934387906629,1.151
1.4491308002778842,1.4118098532035608,1.4864517473522076,0.815
1.3321737871079076,1.2977336851048458,1.3666138891109694,1.441
2.464624509126786,2.4142750686148746,2.514973949638698,1.867
2.419746652473488,2.378287797076804,2.4612055078701722,2.188
1.7997123293614283,1.7575873502285795,1.8418373084942772,2.722
2.6755226559058163,2.642871850020853,2.70817346179078,4.74
3.2695681420483136,3.231691357177114,3.307444926919513,4.873
1.6950750479136758,1.6622263370984662,1.7279237587288854,1.531
1.735267245434199,1.70377973097184,1.766754759896558,2.407
3.5333783717413887,3.5016277590940748,3.5651289843887026,2.316
1.75019305765926,1.7139657537764388,1.786420361542081,2.39
1.8541687724452658,1.8282995247434444,1.8800380201470872,1.532
2.727798843542884,2.6919900915229533,2.7636075955628145,2.554
2.874333851931094,2.84770361025734,2.9009640936048484,4.946
1.906894863037117,1.8787305754607226,1.9350591506135113,0.042
1.8760387370591576,1.841629322039397,1.910448152078918,1.921
2.098329958366473,2.0619298887723403,2.1347300279606056,2.926
1.5330552098458545,1.5082818276775984,1.5578285920141106,1.787
4.2800310741281695,4.229129750785738,4.330932397470601,4.663
2.097487378488085,2.0647465374752136,2.1302282195009563,0.674
4.2698182076478135,4.221234728065324,4.318401687230303,3.341
2.3340690927309575,2.310093983034227,2.358044202427688,2.001
2.3222549613721566,2.2965298159477197,2.3479801067965935,1.936
1.6930337454755702,1.6696383378259343,1.716429153125206,4.302
2.5671924614190966,2.5354954673412764,2.598889455496917,1.962
4.100505521339115,4.060582366814858,4.140428675863372,4.6
1.3434828234967777,1.3081448363287211,1.3788208106648343,1.285
2.0889229269091976,2.055941434320027,2.1219044194983683,0.708
3.6510057690625533,3.6048497500559735,3.697161788069133,3.278
2.8896656397090283,2.846917496536941,2.932413782881116,2.049
1.9096024297051668,1.8820316537389523,1.9371732056713813,0.202
2.1257756779608497,2.090728896331408,2.160822459590291,4.361
1.343319593649098,1.3016402020357984,1.3849989852623976,0.463
2.6201910596731093,2.574743202283267,2.6656389170629518,4.981
2.698446962495148,2.6574991559729417,2.7393947690173546,1.998
2.5438082087407388,2.500585172040254,2.5870312454412234,3.056
2.06768758796851,2.028824488771207,2.1065506871658135,1.625
1.6382252744351675,1.599214002313022,1.6772365465573131,2.519
2.417573491631494,2.388667136945501,2.4464798463174873,4.442
3.1743307902725197,3.116046253905972,3.2326153266390674,1.716
2.9276556131701224,2.9035076273380307,2.951803599002214,3.931
1.6926142320438897,1.6392238839858972,1.7460045801018822,1.151
2.5113570921940425,2.4828942349989465,2.5398199493891385,4.001
3.805547201036289,3.7616924965701615,3.849401905502417,4.722
2.2895515741263663,2.2613362478007497,2.317766900451983,1.73
1.1605463485179452,1.1163175182689915,1.204775178766899,0.208
3.15093715762963,3.1174646494791345,3.1844096657801257,2.408
3.1121487296709742,3.070561620706439,3.1537358386355097,4.717
1.9594989758850536,1.9310214596358932,1.987976492134214,4.05
3.9371602700060615,3.8953107503194992,3.9790097896926238,4.171
1.687835095771125,1.6573990839226544,1.7182711076195956,5.432
4.134962311475956,4.0837589383868975,4.186165684565014,4.665
2.245136644911923,2.2015607619631004,2.2887125278607456,4.95
1.330214207161038,1.2887335312781898,1.3716948830438864,1.804
3.5561436696525908,3.5101769029730985,3.602110436332083,4.893
2.409700158086286,2.3863155823424482,2.4330847338301234,2.9
2.5035821732812296,2.4784184359186834,2.5287459106437757,2.605
1.9175409510008967,1.8816342251170874,1.953447676884706,0.215
1.6426158151565475,1.5990893265400112,1.6861423037730838,2.447
2.2466431647990737,2.222168799123996,2.2711175304741515,0.058
2.261494742982893,2.216426332784672,2.3065631531811137,2.274
1.807910780449796,1.7802148584542623,1.8356067024453298,1.439
1.498601386420966,1.4615874490580358,1.535615323783896,0.575
1.330370332020858,1.2896739072901133,1.3710667567516026,0.01
2.5640222211443024,2.5418831089168967,2.586161333371708,0.878
1.6829879399810648,1.6512569143710647,1.7147189655910648,1.541
1.8618458499061314,1.8205144237979722,1.9031772760142907,0.201
1.2685288726227768,1.2182720150944244,1.3187857301511292,0.097
2.9048122063340034,2.86539446325176,2.944229949416247,5.357
3.6167505622866143,3.5772063007822594,3.656294823790969,3.228
3.037013468871113,3.0019411242008345,3.0720858135413915,2.897
2.2889323217065494,2.2606183046440544,2.3172463387690443,0.809
1.7266029086493493,1.6948966859928694,1.7583091313058292,0.79
1.9431126766531586,1.9149849139256054,1.9712404393807117,0.186
1.5630265896881843,1.5256719228992721,1.6003812564770965,0.156
2.1857942267523267,2.160788175754974,2.2108002777496796,1.635
1.5456472488520008,1.5084853028564498,1.5828091948475518,2.407
1.1558745227191085,1.1109593740481276,1.2007896713900894,0.017
3.696132173606688,3.6584019300233184,3.733862417190058,2.5
3.347741018894616,3.300426908061321,3.3950551297279112,3.228
2.1068608610662887,2.0660170059624017,2.1477047161701757,0.799
1.8556191768352617,1.8144924152925372,1.896745938377986,1.713
1.2705678219437877,1.2320622428490189,1.3090734010385565,0.016
2.3100106951891823,2.2790616566199327,2.340959733758432,2.832
3.8182968437917264,3.7761902189066836,3.860403468676769,3.854
1.5901871325709411,1.5465137010720262,1.633860564069856,2.111
1.3210619258090104,1.2801904615841113,1.3619333900339095,0.04
2.7287912502522054,2.7027181769504147,2.754864323553996,4.203
1.3736786378917565,1.3365000070069317,1.4108572687765812,0.131
2.213947747115656,2.1938027170618404,2.234092777169472,2.744
2.3573059386716495,2.3192004642432744,2.3954114131000246,2.691
3.0639723784184847,3.020535519885467,3.1074092369515025,2.635
1.9315430524111894,1.904989656950807,1.9580964478715719,3.468
1.9515826491253,1.9244714124678985,1.9786938857827017,5.268
1.153908769453741,1.1092895200780197,1.1985280188294625,0.774
1.5960251806860777,1.5588073668590068,1.6332429945131486,1.83
0.10254508208017325,0.04718865169263687,0.15790151246770964,0.485
2.0396797700582376,2.0065498392186694,2.072809700897806,2.548
1.8757466661111313,1.843614773796135,1.9078785584261275,1.567
1.5257937483136217,1.4863576395690516,1.5652298570581917,0.593
2.6630799347192564,2.629605038138116,2.696554831300397,3.638
1.957168978208213,1.9168741648064467,1.9974637916099791,0.987
2.7423941304736545,2.70683361374012,2.777954647207189,2.574
2.047963134095325,2.0140582423214988,2.081868025869151,1.452
1.7954237608471475,1.753314528353954,1.837532993340341,2.594
4.070368058582222,4.033072907252493,4.1076632099119506,2.421
3.5825625555815503,3.54027332213882,3.6248517890242806,3.906
1.3769877409724822,1.3431376847111172,1.4108377972338473,1.992
1.262185094237351,1.2218802850826762,1.3024899033920256,2.667
3.989904784315418,3.9369051550058307,4.042904413625005,3.171
1.5091154199405725,1.463500169909256,1.554730669971889,1.554
3.9631556945175554,3.921757833573509,4.0045535554616025,4.459
2.628589525010431,2.5857091420988336,2.6714699079220283,0.879
2.086345463266347,2.0475760599454658,2.1251148665872286,0.047
1.2221414458950528,1.178132271452641,1.2661506203374646,1.09
2.4486394852109634,2.391842273429091,2.505436696992836,1.432
1.5257437689330196,1.4906265174195998,1.5608610204464393,3.145
3.0863769405252484,3.046101592738292,3.1266522883122048,2.246
0.4625349546784941,0.41585937211760593,0.5092105372393823,0.926
1.6903113968321473,1.6554677648042542,1.7251550288600404,1.414
3.5844868089084305,3.534648849876475,3.634324767940386,3.429
1.4545942152239177,1.411898041194003,1.4972903892538325,0.433
2.592559020230718,2.5601505991124838,2.6249674413489523,5.017
2.8290520895800064,2.788128710042657,2.869975469117356,1.737
2.5910869862269017,2.554560700381989,2.6276132720718146,0.867
1.2724845703116026,1.2362964425491698,1.3086726980740353,2.12
2.259393046481775,2.2276016091446444,2.2911844838189057,1.498
2.8405202129159783,2.8090478375731,2.871992588258857,4.215
1.5860960986423625,1.5515726762986675,1.6206195209860574,1.723
1.5041410892684977,1.469250976148283,1.5390312023887123,1.892
1.2617820542297409,1.233927049836494,1.2896370586229877,0.165
2.0108234879813773,1.9841284790880613,2.0375184968746933,2.865
1.3338078157149922,1.2999084857118846,1.3677071457180998,2.266
1.4555647716281397,1.422536163580627,1.4885933796756523,3.387
1.158120604346057,1.1173612792112497,1.1988799294808643,0.932
1.290614731564499,1.2550068962987444,1.3262225668302534,0.253
1.9095045068450756,1.8837950081644579,1.9352140055256932,0.255
2.58345636902797,2.5505875785454735,2.6163251595104664,3.851
3.759823192671864,3.7107287856460505,3.808917599697678,3.816
3.2351705410283667,3.201356960891779,3.268984121164954,4.693
2.2039432852491743,2.1864565745674525,2.221429995930896,2.193
3.485107655470481,3.455466146331921,3.514749164609041,2.959
0.6071977339348049,0.5627843145349501,0.6516111533346597,0.579
2.6609901629468378,2.6205156918332797,2.701464634060396,4.704
3.713659411368409,3.66764644150301,3.7596723812338078,4.85
2.623285801164913,2.591093677772811,2.6554779245570153,2.649
1.308410708217347,1.2731137391544787,1.3437076772802155,1.168
3.4698109758268587,3.426771480060035,3.5128504715936826,1.947
2.1644401110921443,2.1382597556848744,2.190620466499414,1.991
2.6243827229998593,2.602841164785586,2.645924281214133,1.873
1.7343724715379831,1.7043599502777342,1.764384992798232,0.065
4.056727119509335,4.0143876492287145,4.099066589789956,4.709
3.752501718534994,3.705193003407007,3.7998104336629805,4.594
2.5365981543391136,2.512737093353087,2.56045921532514,2.309
2.079543164547967,2.053202162244292,2.105884166851642,4.466
2.368768196113573,2.3431248539373937,2.3944115382897526,3.071
2.5747221602983634,2.5446737531751693,2.6047705674215575,2.854
2.8185355370529748,2.7819919429149276,2.855079131191022,3.104
1.5627172719511233,1.5263397809243824,1.5990947629778642,0.214
2.7770596243329155,2.735590391175815,2.818528857490016,3.3
3.3996484910388856,3.3588096470342554,3.4404873350435157,3.612
3.8576422943708466,3.82125191544858,3.8940326732931134,2.592
2.522154326853727,2.4662989181791506,2.578009735528304,2.123
1.7789696561171302,1.7458553818463844,1.812083930387876,0.157
1.282071092028271,1.2462267074806719,1.31791547657587,0.151
2.4972757019493574,2.4723211467684836,2.5222302571302313,0.293
3.033912325043756,3.0020903726851964,3.0657342774023153,2.593
1.728771045321023,1.7043810756670237,1.7531610149750223,0.855
2.661655453690676,2.6409794191203027,2.682331488261049,3.48
2.7461567468275074,2.7098467872083396,2.7824667064466753,0.286
1.58936873553474,1.5566943383277234,1.6220431327417564,1.705
0.5928999834217746,0.5491267420623919,0.6366732247811574,1.16
1.645782326024223,1.612907882959897,1.678656769088549,3.886
2.4864428622894392,2.4624487557740786,2.5104369688048,0.728
1.6307781899866785,1.5927066238180339,1.668849756155323,1.203
2.5720402053776152,2.543527089701113,2.6005533210541176,2.337
2.116000735985689,2.0916816672030323,2.1403198047683456,0.646
2.273865101181416,2.234936565438669,2.312793636924163,0.601
1.053276963977075,1.0154975680045641,1.0910563599495857,0.218
1.5227128550507771,1.4772867167049901,1.5681389933965642,0.217
1.6481373932665695,1.6070359672344978,1.6892388192986412,0.632
2.507816117240264,2.4853376729173595,2.530294561563169,0.041
1.9594216991040463,1.933375713104001,1.9854676851040916,0.199
1.7183225957964825,1.6792535807466313,1.7573916108463337,3.253
0.5415741075311232,0.4931515144749025,0.5899967005873439,1.059
1.9023539983874713,1.865547332448478,1.9391606643264647,2.364
1.8339925124557626,1.7948052243641661,1.873179800547359,4.633
1.7319935207004165,1.6926718554095108,1.771315185991322,2.399
2.190977040317122,2.138128366092493,2.243825714541751,2.473
1.6769197796066129,1.6547375939708282,1.6991019652423975,2.87
4.091481386149607,4.041723295128659,4.141239477170556,2.519
3.3414603520924824,3.292848656508166,3.390072047676799,2.856
1.5365491729895058,1.5091666086449065,1.563931737334105,1.929
1.416793026147659,1.3882958330363528,1.445290219258965,0.043
3.461528921438076,3.4161647310097174,3.5068931118664346,4.371
2.1558408613434503,2.1182134803491506,2.19346824233775,0.603
2.4046934342367465,2.3547246559051676,2.4546622125683255,3.431
1.577019996161562,1.53980864464391,1.614231347679214,0.625
2.235847393265444,2.209198344397951,2.262496442132937,4.117
1.472757014923259,1.4386192270054268,1.5068948028410911,0.01
3.175663854157225,3.1337305584361146,3.2175971498783356,2.512
2.980371074931841,2.943848596476637,3.016893553387045,4.6
2.3300389422936734,2.29371001888307,2.3663678657042766,3.97
1.3168162785524005,1.2833162685269703,1.3503162885778306,0.705
1.2687318694756475,1.2323228511900775,1.3051408877612176,1.866
2.46017161718313,2.4336269612118397,2.48671627315442,4.495
3.85156624286116,3.8048470380684654,3.898285447653855,3.998
4.111975393787062,4.069223562802456,4.154727224771667,4.954
3.500859366102569,3.4696560297114933,3.5320627024936444,2.829
1.4017061745497066,1.3711597538681297,1.4322525952312835,1.608
2.6711774127602568,2.6472609986873716,2.695093826833142,1.176
3.0574092078134236,3.0274828681825783,3.087335547444269,4.708
3.9989934489378873,3.9539138184612748,4.0440730794145,5.515
2.323342899220146,2.298659393721235,2.3480264047190573,2.935
1.8961398699423855,1.8699428109540692,1.9223369289307017,4.1
3.801823070786943,3.7635867590088776,3.8400593825650087,2.573
2.744704215475143,2.718567111473086,2.7708413194772,2.679
3.400517988788062,3.3532136769600855,3.4478223006160382,2.365
1.5466523429950585,1.506344866428856,1.586959819561261,0.74
2.7032192719031976,2.6725318669878306,2.7339066768185645,3.889
1.7976106328603105,1.763608158190955,1.831613107529666,1.855
1.9335836701660045,1.887398462958781,1.979768877373228,1.795
2.4351337052203874,2.411241580491283,2.459025829949492,2.405
1.6479935650890059,1.6178418059267274,1.6781453242512843,4.595
2.709348230161265,2.660224253169956,2.758472207152574,1.42
3.560078528608445,3.530370553163214,3.589786504053676,2.644
2.4292847163644202,2.39712850395094,2.4614409287779004,2.162
2.2811427327842093,2.2592179472677314,2.3030675183006872,3.426
4.254718356853719,4.206537003298683,4.302899710408754,5.333
2.6564473049230526,2.6187381487146104,2.6941564611314948,4.694
2.667726654599292,2.6276375934443243,2.70781571575426,2.286
4.096145854974067,4.046335705052815,4.145956004895318,5.654
1.9562089025208864,1.9250418208453737,1.9873759841963992,2.538
2.2086185574699595,2.174769593945945,2.242467520993974,1.62
1.6633294131408451,1.623348976829402,1.7033098494522882,1.062
2.6091748305139615,2.5836579381852602,2.6346917228426627,3.433
3.3809807912844057,3.3389663522106083,3.422995230358203,3.967
2.3776637096952276,2.341048610934713,2.4142788084557423,0.725
1.8319563447590044,1.7998620916104793,1.8640505979075295,0.276
3.1522956196857237,3.1153056392008707,3.1892856001705767,3.839
2.940750493766224,2.9058354015384755,2.9756655859939722,3.617
2.5967077778991037,2.5711487320099464,2.622266823788261,4.999
2.4177342827544006,2.381870616525205,2.4535979489835964,4.657
1.7017211897667686,1.6712983987286287,1.7321439808049084,2.453
2.050582919299066,2.026543128437241,2.074622710160891,3.367
3.8635444689667353,3.8123458797515863,3.9147430581818843,4.299
0.6918233988809958,0.6434924304127457,0.7401543673492458,0.826
1.2536328275314188,1.2267526327566256,1.280513022306212,0.588
2.002996055435429,1.978754619599399,2.027237491271459,3.925
2.7395731143527957,2.7154958172539456,2.763650411451646,2.721
2.7654095718644833,2.722468535595595,2.8083506081333716,3.857
2.059302130153108,2.0193502021346905,2.0992540581715255,2.747
1.7565162946875335,1.7224595884129759,1.790573000962091,0.028
3.0304256883092173,2.991419371458013,3.069432005160422,2.849
2.0266087055571154,1.9880461463316876,2.065171264782543,1.672
0.5263123402840574,0.4815656861659509,0.5710589944021638,0.379
4.135379768905152,4.080723481564603,4.1900360562457015,2.746
1.6065162053563944,1.579800355574759,1.6332320551380297,1.435
1.9855447150906962,1.9533007865476495,2.017788643633743,2.172
1.529077018374087,1.492779465531381,1.5653745712167928,0.209
1.762511380947572,1.7322193196599796,1.7928034422351646,0.811
3.3394101653214223,3.293701326162455,3.38511900448039,3.6
1.947335775675965,1.9177542357582327,1.9769173155936974,2.336
2.8408875256122936,2.807844080515687,2.8739309707089005,3.625
4.022063100551725,3.9784496101091893,4.065676590994261,4.628
2.4387072640313283,2.4145068804247782,2.4629076476378784,0.765
2.0273101820221338,2.0015617613783183,2.053058602665949,0.137
2.8366595129349372,2.7833026310231794,2.890016394846695,2.401
0.9632053813393439,0.9217934341491529,1.0046173285295348,1.845
2.823790862128544,2.7922569715319994,2.8553247527250885,3.576
1.6746645237381448,1.638647548608697,1.7106814988675925,3.012
1.9431975426083994,1.9024426873875098,1.983952397829289,3.718
1.0598038609092544,1.022467215681736,1.0971405061367727,1.321
3.021817568752576,2.987457464514588,3.056177672990564,2.983
2.7512639695511125,2.7012572469391105,2.8012706921631145,2.329
3.6717887868304477,3.6245868575409026,3.718990716119993,5.163
1.3497806725884545,1.3055088536901835,1.3940524914867254,2.307
3.2804125574627068,3.2460765207852647,3.314748594140149,3.148
2.5842611607404264,2.5561520970371214,2.6123702244437315,2.523
3.0980240861960366,3.044037197539336,3.1520109748527374,1.414
2.0716504037875665,2.0150026484630317,2.1282981591121013,1.123
1.6960832886401638,1.669743666675048,1.7224229106052795,0.77
2.469338688640275,2.4459336325838685,2.4927437446966816,2.379
1.8401753659718882,1.814184538559007,1.8661661933847695,4.982
2.7356179532340237,2.702281271153785,2.7689546353142624,2.051
1.3794094515509066,1.3324310549037073,1.4263878481981058,1.674
1.8928886965618326,1.858114829416251,1.927662563707414,0.848
3.7853532155249545,3.742132892316841,3.828573538733068,3.926
3.0481547311003188,3.0108602753149727,3.085449186885665,2.547
4.326026185679051,4.278031261720205,4.374021109637898,2.6
1.290842730769349,1.254224359706439,1.327461101832259,2.352
2.400684938978103,2.3618828971523356,2.43948698080387,0.202
1.6097541871538878,1.5702716317945613,1.6492367425132144,0.448
3.7162966469518417,3.6712826585615614,3.761310635342122,3.594
1.7375479299107714,1.7102917756559637,1.7648040841655792,0.925
3.5378494967327248,3.5030682262649213,3.572630767200528,2.408
3.470863155473706,3.4283949930581517,3.5133313178892602,3.671
0.9893298541202076,0.9513084196096474,1.0273512886307676,0.047
1.146237597488196,1.1162742578422002,1.1762009371341917,2.007
3.3558882191430954,3.317325967206966,3.394450471079225,2.178
1.5510956393607058,1.5054328994122668,1.5967583793091449,1.504
1.7282374470076267,1.6819368089314353,1.7745380850838182,0.746
1.8311849412870718,1.7933659042467982,1.8690039783273453,0.032
2.1367487912145045,2.108676519903021,2.164821062525988,0.608
3.9003522016912044,3.8524720754828805,3.9482323278995284,4.14
2.619038389088216,2.5815400896663907,2.6565366885100414,0.202
2.458857535558501,2.4267114247293686,2.4910036463876337,4.36
4.158702113027449,4.103749927320047,4.21365429873485,4.525
3.2614257420762853,3.2213639269266725,3.301487557225898,3.834
2.329007658441651,2.2955508050202447,2.362464511863057,3.5
3.3379737797387583,3.2907942019009275,3.385153357576589,2.919
4.120509911400276,4.0659094015545465,4.175110421246006,5.14
1.0943642751738665,1.0529516996499024,1.1357768506978305,0.199
2.012122820983179,1.9869515699416354,2.037294072024723,0.573
2.0792438094607038,2.061136738380823,2.0973508805405845,1.618
2.577769163155423,2.5422778159291517,2.613260510381694,0.02
3.292339821058333,3.258032252347037,3.326647389769629,4.417
3.8130303381895394,3.76774607949424,3.858314596884839,3.083
0.33569357074330947,0.28032625648055604,0.3910608850060629,1.058
1.923943283469829,1.893465240565788,1.95442132637387,3.852
1.183427484345531,1.1462737212017053,1.2205812474893567,0.141
1.7191028868394738,1.6865492629771135,1.751656510701834,1.093
1.3644226542517899,1.3187348490952238,1.410110459408356,0.669
2.5647552347694615,2.535794783650895,2.593715685888028,4.59
1.369450710950628,1.3377921809595752,1.4011092409416808,1.558
1.6534511996003762,1.6115084973801759,1.6953939018205766,1.058
2.4447006880707276,2.425982091635987,2.463419284505468,4.223
1.507635970579,1.466601356211808,1.5486705849461917,1.039
1.9595064397672193,1.9254947948862648,1.9935180846481737,2.35
2.8714212382510227,2.828309964205607,2.9145325122964385,5.229
1.680499750673189,1.6457868154898252,1.7152126858565526,1.835
2.0841319183646614,2.050596579556423,2.1176672571729,0.57
3.575990267658402,3.5333290026506625,3.6186515326661417,3.579
3.804324111424951,3.760917706850272,3.8477305159996296,2.946
1.6441998148616765,1.6031986761736183,1.6852009535497348,1.541
3.674438080010707,3.639141987924901,3.7097341720965127,4.235
3.4719316317471414,3.4325998625710743,3.5112634009232084,3.102
2.585852486391665,2.5604603143603537,2.6112446584229767,4.646
1.3071183476022494,1.2714389383783578,1.342797756826141,1.563
1.010953648656784,0.9661240563465121,1.055783240967056,1.597
3.4311067970457856,3.3954586959717283,3.466754898119843,4.517
2.372317272520651,2.3402957443996883,2.404338800641614,3.535
1.8135927265460257,1.7781895693396748,1.8489958837523766,4.049
1.9850994048536306,1.9559455817947013,2.0142532279125596,1.45
1.9404960189185945,1.9125161988956534,1.9684758389415355,3.752
1.4210056707582355,1.3805547417927624,1.4614565997237086,0.127
2.6626624167743267,2.626934579087976,2.6983902544606773,2.438
2.7547497685300004,2.7190900759202767,2.790409461139724,4.545
3.8503689079714936,3.811394487431474,3.8893433285115133,2.497
1.6472399601025944,1.6117458978223624,1.6827340223828264,1.652
1.2945498540154479,1.2489220077049503,1.3401777003259454,1.042
2.4849397774442106,2.4504166006915074,2.519462954196914,0.556
2.3640018255632613,2.3330801247429482,2.3949235263835744,2.752
2.459196126554222,2.434138219943231,2.484254033165213,3.028
2.281667482259424,2.2385977592120336,2.3247372053068145,0.686
1.8940553215831157,1.868461625924959,1.9196490172412726,2.178
1.8317006157042024,1.804406746420584,1.8589944849878208,1.716
2.6104029173935936,2.584763384446085,2.6360424503411024,0.61
2.001670319757737,1.9627962006097242,2.04054443890575,1.976
1.986817237000949,1.957309743607041,2.0163247303948566,3.666
1.5602761626934607,1.5136411826819607,1.6069111427049607,0.045
2.9601518049575604,2.917239969596486,3.0030636403186346,3.465
1.3155976861211474,1.2877962161089302,1.3433991561333645,0.686
2.547229511649083,2.514856247264978,2.579602776033188,0.026
3.7805633231360565,3.734170183693003,3.82695646257911,3.039
3.8320037463695518,3.7933769906651422,3.8706305020739613,3.822
2.5239706877217696,2.4828284523132895,2.5651129231302496,0.643
1.9126827164251448,1.8823905590065448,1.9429748738437447,1.91
3.0718808769284465,3.027185085650793,3.1165766682061,5.165
2.915751203120137,2.8535911277439956,2.9779112784962782,2.092
3.8349428173049236,3.8008006524181757,3.8690849821916715,4.596
1.851920699853375,1.8230610785863037,1.8807803211204464,0.855
2.0826218793785873,2.04316093712978,2.122082821627395,4.221
1.6817007664455645,1.6357865546621735,1.7276149782289556,1.528
2.7221418654195273,2.6834709280751086,2.760812802763946,4.33
1.42177734529145,1.382410557496247,1.4611441330866528,0.051
3.421747451894876,3.3884989751922667,3.4549959285974854,4.594
2.007556275018811,1.9810263726819226,2.0340861773556993,0.249
2.6679162402480614,2.6446707523607795,2.6911617281353433,4.458
2.118628068695213,2.091951155344936,2.1453049820454897,1.556
3.304618679440876,3.258526169130842,3.35071118975091,3.438
2.377518342704011,2.349624750004341,2.4054119354036816,2.571
3.0336948713420084,2.9994606534241495,3.0679290892598674,2.678
0.9818978905052009,0.9446216320123005,1.0191741489981014,1.629
1.343584499067903,1.3161374143381288,1.371031583797677,0.138
3.6665534748776256,3.6304524055716123,3.702654544183639,4.669
1.8620940785969229,1.8325586778961946,1.8916294792976511,0.687
1.9513098704018554,1.9172643995541914,1.9853553412495195,1.639
2.022929244917826,1.9797388868410564,2.0661196029945956,4.538
3.2438694184045085,3.2096793671298927,3.2780594696791243,4.142
2.2313897804694185,2.1995047147696445,2.2632748461691925,4.754
1.2767037001316317,1.2391726289488154,1.314234771314448,0.02
2.1263147598513963,2.108519856934017,2.1441096627687757,0.574
2.6437289790418697,2.6103889639502067,2.6770689941335326,4.92
1.4882193009641214,1.4509866774105062,1.5254519245177365,3.682
1.9850542437283674,1.950125760864444,2.019982726592291,0.987
3.8789465043342175,3.828163685254026,3.929729323414409,2.6
2.6554106598503737,2.6176904760608335,2.693130843639914,3.691
3.3730934251525113,3.3350632256183754,3.411123624686647,2.599
1.4664304342109062,1.430997500757843,1.5018633676639694,0.187
1.120779411639768,1.0794604583654657,1.1620983649140704,1.39
2.8359291117126073,2.7943086021197376,2.877549621305477,2.431
1.8448533939851368,1.816084540350657,1.8736222476196167,4.401
2.7249720631107386,2.6918323250386935,2.7581118011827837,4.864
2.4860205822570767,2.455545700964236,2.5164954635499175,1.067
1.922152762941008,1.8925480685933007,1.9517574572887153,0.205
4.191548134174483,4.151870250885362,4.231226017463604,3.874
1.7318089077422407,1.6975961445148264,1.766021670969655,1.941
1.2211770862615379,1.1763233453471316,1.2660308271759442,0.786
4.269552078908484,4.218241094039943,4.320863063777026,4.034
1.333145093444629,1.2984824479683847,1.3678077389208732,1.401
1.6699646818917697,1.6378734377134014,1.702055926070138,0.035
1.7356353617839015,1.707699712507147,1.7635710110606562,0.641
1.860364831462226,1.8262378878874082,1.894491775037044,4.487
2.4923534926082622,2.4492082259012666,2.535498759315258,0.073
2.951390509125871,2.923617705067031,2.9791633131847113,4.532
1.991680760248932,1.948349248819993,2.035012271677871,2.301
2.6870159953558423,2.6583346764196656,2.715697314292019,4.704
2.2302914300061993,2.2021200423680987,2.2584628176443,1.979
2.1483160496855183,2.104551995495469,2.1920801038755675,1.766
4.0200911140436775,3.9746349680162854,4.065547260071069,4.212
1.1666045546870532,1.1255818072931365,1.2076273020809698,1.591
2.1378898261306136,2.0946352802774637,2.1811443719837635,5.309
1.4655912346368642,1.420278513729233,1.5109039555444954,1.863
3.6026780004385235,3.56480630060272,3.640549700274327,4.632
2.874139024484896,2.82977941528532,2.9184986336844716,2.576
3.555177066218967,3.5088542008707426,3.601499931567191,6.741
2.414759218761607,2.392281864907264,2.43723657261595,2.277
2.1574423425752167,2.1249764483372484,2.189908236813185,3.477
1.8338115799271641,1.804649544163511,1.8629736156908172,1.61
2.480722245602426,2.4516937735308613,2.509750717673991,4.659
1.5211125606675626,1.4748634563311271,1.567361665003998,2.532
1.4875688184328382,1.442983684403266,1.5321539524624104,0.72
2.2361128686068494,2.2060949665518055,2.2661307706618934,4.783
4.094163208202228,4.041392314744672,4.146934101659784,3.436
1.4882268751602161,1.4525108744027715,1.5239428759176608,0.01
1.9935130689077596,1.9657793599069122,2.021246777908607,0.016
2.8989599434899262,2.86159675779056,2.9363231291892924,3.614
-0.02368350869417976,-0.0784047940792157,0.03103777669085618,0.855
4.394596870697787,4.341362860145901,4.447830881249672,2.797
1.5147302619566891,1.4754715927024067,1.5539889312109716,1.624
2.153623839129968,2.1249328680230573,2.1823148102368783,4.39
3.7706168562090845,3.727286040778513,3.813947671639656,2.927
2.484519077163978,2.45350069489469,2.5155374594332662,2.362
2.4316113019786743,2.3917330269326302,2.4714895770247183,1.58
1.688464482396313,1.636080280273434,1.7408486845191922,1.396
0.9442322441019362,0.9110900910306416,0.9773743971732307,1.487
3.258256985147596,3.221277358416351,3.2952366118788414,3.592
1.757866014813234,1.7112759125577917,1.8044561170686761,0.764
0.8814014765776708,0.8432191557292321,0.9195837974261094,0.576
2.218723936787711,2.192925169166885,2.244522704408537,4.054
3.7530671795305457,3.71868845772444,3.7874459013366515,4.703
1.3122956379055044,1.2676789361708865,1.3569123396401224,1.651
1.917377665705412,1.8919553240824674,1.9428000073283567,4.2
2.503439182572603,2.4624540892241518,2.5444242759210542,2.348
2.323073964674382,2.294636400600061,2.3515115287487034,1.595
2.695253049376586,2.671268575105221,2.719237523647951,3.933
1.5067919203940159,1.4721985992879776,1.5413852415000542,0.154
2.3915875008054193,2.3553494706524805,2.427825530958358,2.444
4.106828620283038,4.0585623330972345,4.155094907468842,3.097
3.1083685387807267,3.07589790827184,3.1408391692896136,3.619
1.2060008671903044,1.1734628931128306,1.2385388412677782,0.23
2.6845631509039416,2.641751727549833,2.72737457425805,5.397
2.875109260939356,2.8456999748714207,2.9045185470072914,5.13
3.1876392411038195,3.1565197768909514,3.2187587053166875,2.732
1.595333180700422,1.5624981795116004,1.6281681818892437,1.729
3.6952803650359196,3.659231701286153,3.7313290287856864,4.859
2.553660451048048,2.5243743046588776,2.5829465974372185,2.862
2.2218265921271128,2.185488414875202,2.2581647693790234,0.185
2.738508911725582,2.6734129443112713,2.803604879139893,1.066
2.757092682519211,2.726067514469957,2.788117850568465,3.338
3.297429945901289,3.252175434716857,3.342684457085721,2.701
1.4218530602992143,1.3875732875698068,1.4561328330286218,1.022
2.3563092974089432,2.3105715200290144,2.402047074788872,2.866
4.238500740166679,4.1856845181145745,4.291316962218784,2.774
2.0268712923566086,1.9939927925469305,2.0597497921662864,4.653
3.961677698342213,3.917029253965111,4.006326142719314,2.931
1.7446271424002717,1.7097284279256069,1.7795258568749366,1.616
1.4494344136278394,1.4057730720286636,1.4930957552270152,0.244
3.341677561413389,3.305973076863896,3.377382045962882,2.839
2.4202388788544997,2.377490957030338,2.4629868006786615,1.001
2.93019290451155,2.8896521831666178,2.9707336258564823,2.698
1.7695704421112985,1.7428741261796263,1.7962667580429708,1.637
2.501892047551399,2.476877689468113,2.5269064056346853,4.213
2.0106936143588814,1.9912392254494926,2.03014800326827,1.678
2.186997146663484,2.143679913442289,2.2303143798846787,1.868
1.1748815889468844,1.1338341297703622,1.2159290481234066,0.609
1.8588468004585144,1.830214924234973,1.8874786766820557,1.785
4.367939366386957,4.3246757561468705,4.4112029766270435,2.993
2.2377651324869583,2.2075640167801294,2.2679662481937872,1.413
1.4020166640286316,1.3654507797379312,1.438582548319332,1.594
2.476212504748011,2.4335133835803955,2.518911625915626,4.646
2.331019278623759,2.3042746820281628,2.3577638752193555,1.889
1.6131479837658866,1.5769722001961055,1.6493237673356678,1.886
4.035373808113837,3.9942095363536554,4.076538079874019,2.953
3.746005890680213,3.7115974923061836,3.7804142890542423,2.564
1.7437531108507454,1.708736782827001,1.7787694388744897,1.717
1.971370688442678,1.9437592680245477,1.9989821088608084,0.074
2.0312731743815746,1.9927450598719794,2.06980128889117,2.521
1.497602043668365,1.4737719967997644,1.5214320905369656,0.589
1.3600270880863037,1.325830376244152,1.3942237999284555,0.15
1.6265371858276612,1.5961325518875866,1.6569418197677357,0.553
2.219827781616557,2.202607927866472,2.2370476353666415,1.455
2.167147779214406,2.142754481439357,2.1915410769894548,1.5
2.4495285979095827,2.41739128849488,2.4816659073242855,0.782
2.163474959976356,2.131294823336815,2.195655096615897,4.977
3.147353102846813,3.119780765393305,3.174925440300321,3.385
0.36561353812013064,0.316991343110506,0.4142357331297553,0.095
3.7627761164411204,3.713706723470784,3.811845509411457,4.232
2.3121751796070904,2.2866179612849753,2.3377323979292055,1.741
1.6416627581293017,1.6118784914682687,1.6714470247903348,1.855
0.7729212486982268,0.7329939633968363,0.8128485339996172,1.19
2.953578203639704,2.9192824768178536,2.9878739304615545,3.955
3.33921835110778,3.3063295421267695,3.3721071600887904,4.053
2.390042718624468,2.3663414418622035,2.413743995386733,3.005
1.651447975375188,1.6161824864660634,1.6867134642843127,0.061
4.255286541774687,4.208108063630169,4.302465019919206,4.386
1.9568947663998624,1.9236950170228257,1.990094515776899,2.105
2.6711166674719893,2.6513052598389324,2.690928075105046,4.158
1.266468808938146,1.2197439567881985,1.3131936610880934,0.6
2.9695916966780525,2.94359681044812,2.995586582907985,2.962
1.6602088525366845,1.6237148831290344,1.6967028219443345,0.131
1.7003584746444615,1.6644855643666188,1.7362313849223043,0.292
3.409043686577686,3.3809275487408303,3.4371598244145414,4.287
1.9631827358441898,1.920253752708498,2.0061117189798816,2.923
2.9506203137490976,2.9139344011027273,2.987306226395468,2.119
4.014664525048693,3.975194425845374,4.054134624252012,5.072
1.9723502547388927,1.9277647493344316,2.0169357601433537,2.675
1.7246479685619684,1.6996249725874488,1.749670964536488,1.62
1.2455816662242984,1.2076341015221335,1.2835292309264634,1.791
1.8738982106757873,1.8444059762796394,1.9033904450719352,4.612
2.2495649472572157,2.2187855205213505,2.280344373993081,2.754
4.203707797630342,4.153239054446992,4.254176540813692,2.293
1.3482928104264391,1.311569427598914,1.3850161932539642,0.145
1.9707703877275458,1.929796394509368,2.0117443809457236,0.295
0.6336477021190923,0.5886279177549867,0.6786674864831979,1.009
0.23619830532694483,0.18587441891480672,0.28652219173908294,0.867
2.3269454969476637,2.296679219373459,2.3572117745218684,4.293
3.9099516036339166,3.8717516015246987,3.9481516057431345,4.814
1.2357499395906448,1.192255387941548,1.2792444912397416,0.937
2.8394254278448043,2.7874489599412993,2.8914018957483094,2.985
3.083986454723391,3.048535542374121,3.1194373670726607,3.818
1.4264545741178156,1.3919604362648323,1.460948711970799,0.207
1.9286548602434714,1.8893218036319823,1.9679879168549606,0.236
1.7923523956719434,1.758480843401556,1.8262239479423308,0.671
1.3581324305492208,1.3176653860881695,1.3985994750102722,0.347
3.7147073197130567,3.6730727871852835,3.75634185224083,2.762
0.5052446459026263,0.45560121058976816,0.5548880812154844,0.863
1.9775047159357868,1.9507727739315326,2.0042366579400412,2.567
3.545250052550644,3.498163918263951,3.592336186837337,2.346
1.802272189571971,1.7699357787858583,1.834608600358084,1.361
2.1370689487011876,2.0931936386728727,2.1809442587295025,0.892
1.9551352263953161,1.9146214395625587,1.9956490132280735,1.922
3.340020998470533,3.2967607166928112,3.3832812802482546,3.643
2.1016713614409257,2.057736301461929,2.1456064214199224,4.641
4.300875040488274,4.258869659827737,4.34288042114881,5.079
2.3875835916656336,2.3573830557475617,2.4177841275837055,2.317
1.4437835179001468,1.4060702082614007,1.481496827538893,2.165
1.3520149464529954,1.3086546878319623,1.3953752050740285,1.118
2.4000305526119283,2.356551940838165,2.4435091643856914,1.724
1.5086329718615035,1.483127095619443,1.534138848103564,0.174
2.315394962346434,2.27437093478499,2.356418989907878,1.099
2.2132565088479663,2.185043098135241,2.2414699195606915,2.785
1.0544204527246455,1.0171550890334917,1.0916858164157992,0.172
3.99167602748899,3.9512959567734094,4.0320560982045714,2.289
1.606942802825913,1.5785612833048117,1.6353243223470142,3.551
2.0275648910504818,1.98615853805207,2.0689712440488934,1.973
2.8457634075595806,2.820839823975441,2.87068699114372,4.689
1.2815356023387594,1.2430167010658137,1.320054503611705,0.239
1.5052609963917212,1.473821728087274,1.5367002646961683,1.677
1.0641613596404274,1.0187227260290246,1.1095999932518301,0.477
2.3029262894614417,2.105488971935907,2.5003636069869764,0.792
2.9016912160774475,2.8694818609052284,2.9339005712496666,2.281
1.9636734415387305,1.9208202555932312,2.00652662748423,0.204
1.2538491234288218,1.2183704324614009,1.2893278143962428,2.023
0.7477905987395179,0.7062251541319491,0.7893560433470868,0.986
2.4376869710330413,2.4143528106351684,2.4610211314309143,3.225
2.1899794539954573,2.148213522743174,2.231745385247741,0.758
1.8307283679164585,1.7930026027325212,1.8684541331003959,0.193
-0.06662293517588473,-0.12708863089568473,-0.0061572394560847205,0.796
0.2863175681043236,0.2370145332452559,0.33562060296339136,0.398
1.5971212026000319,1.5632210488320712,1.6310213563679925,2.228
2.9093881267895823,2.8639836461803587,2.954792607398806,3.818
1.382383445819604,1.346514535041405,1.4182523565978031,0.142
1.6909216964119527,1.6442566242115626,1.7375867686123427,2.614
1.3306645888387463,1.2919417751985058,1.3693874024789867,0.65
0.2816319614284761,0.2299395329049893,0.33332438995196284,1.111
2.581816787137894,2.5556135382638208,2.608020036011967,3.838
2.8248038109348634,2.794918430013079,2.854689191856648,3.875
2.923399846943379,2.887407562608486,2.9593921312782716,2.484
2.681735275173008,2.63007640287756,2.733394147468456,2.409
2.262037314227801,2.236301699584285,2.287772928871317,4.204
3.0066792683358194,2.975776906649665,3.037581630021974,2.763
2.3154944200323575,2.287736206158283,2.343252633906432,3.76
1.6762378379468086,1.6410018677511093,1.7114738081425078,0.647
2.769344467173634,2.7263863518450475,2.81230258250222,3.046
4.084631557415582,4.0440347447280605,4.125228370103104,3.319
2.184167776926519,2.1507927749900926,2.2175427788629456,2.274
2.2838334789094774,2.2643719947635637,2.303294963055391,1.037
2.4800378051749896,2.4385326145256117,2.5215429958243676,0.01
2.301374905696898,2.2719680343959032,2.3307817769978927,1.371
4.287487441868194,4.239201504958771,4.335773378777617,4.376
3.4101487802918755,3.3726588835870923,3.4476386769966587,4.469
1.932049315716843,1.9048090872751655,1.9592895441585205,0.538
1.9795220049014222,1.9483227519257251,2.0107212578771194,5.778
1.6341077549370548,1.5903967684556646,1.6778187414184451,0.89
1.8782177126021866,1.8490575092934236,1.9073779159109496,2.353
0.013845221855622303,-0.043734149784151646,0.07142459349539625,0.23
1.3451854468589137,1.2976994109114934,1.392671482806334,0.038
2.2274093749421056,2.1951073371021663,2.259711412782045,3.226
3.238337731254306,3.197479388259281,3.279196074249331,3.132
2.3097638900883513,2.265200245928324,2.3543275342483785,1.799
2.0415582975238595,2.0002553354397086,2.0828612596080105,0.708
1.841326222482312,1.8023673525111545,1.8802850924534693,1.747
2.5848385176973125,2.547657786364471,2.622019249030154,4.86
2.3746441651440913,2.3422461157160828,2.4070422145720998,1.779
3.4987811518387666,3.4601541247776684,3.537408178899865,3.777
1.762772479075933,1.7204387017070943,1.8051062564447715,1.485
3.7065777709426118,3.6690982995100274,3.744057242375196,3.162
2.0177727432346373,1.9918149127272131,2.0437305737420615,1.5
2.000298896196003,1.9670415184196177,2.0335562739723883,5.053
3.361622412997785,3.318887329649818,3.404357496345752,5.128
1.504867185224785,1.4791817386645418,1.5305526317850282,0.01
2.7191550565793854,2.6946223607667448,2.743687752392026,2.31
1.093277480161956,1.0544470234987282,1.1321079368251838,1.032
1.0949140874970502,1.0504230748827879,1.1394051001113126,2.72
3.533999258621296,3.504070274302366,3.563928242940226,6.236
1.429566682385438,1.395437068980275,1.463696295790601,3.949
1.8272275522048516,1.7959208967020086,1.8585342077076945,2.567
1.9668508105205633,1.9462504524177535,1.9874511686233731,1.478
1.5436256425876305,1.5093927441923767,1.5778585409828843,2.988
1.3718162977258648,1.3361898026002992,1.4074427928514304,0.671
2.4847994495281607,2.456032312414441,2.5135665866418804,2.502
1.5635193258203888,1.5265158803449108,1.6005227712958667,1.657
1.6050703293033006,1.5597166535376723,1.650424005068929,0.18
1.4727788241415882,1.4365558860283931,1.5090017622547833,2.129
1.1172903779972,1.07834184588459,1.1562389101098103,0.044
1.5014995826498347,1.4781453977883063,1.5248537675113631,0.233
2.1201378451930077,2.0828725264743553,2.15740316391166,1.833
0.9753396960799912,0.9201806310839522,1.0304987610760301,0.041
1.223977334130671,1.1950302186195294,1.2529244496418126,0.568
2.3558387088192365,2.328239152812576,2.383438264825897,4.575
3.80930780592831,3.7760960510534884,3.8425195608031313,2.68
1.0905927145727488,1.0532651603031788,1.1279202688423187,0.202
1.462523538707242,1.4197749046957355,1.5052721727187484,0.248
2.196604265461951,2.1581848846442284,2.2350236462796733,2.398
1.8959564705230734,1.8652400937137006,1.9266728473324461,0.563
2.7237362551758175,2.6883274111984234,2.7591450991532116,2.296
1.248792638812907,1.2052966950954638,1.29228858253035,0.582
3.2194057585034175,3.1829434902253952,3.2558680267814397,4.399
2.655461401678915,2.6260488169939697,2.68487398636386,2.391
1.720531161527439,1.6898407312728632,1.7512215917820149,1.65
2.5332595307664314,2.5072413722773312,2.5592776892555316,4.654
1.356138321925075,1.315221979998359,1.3970546638517911,1.843
0.6348736620363569,0.593729640998773,0.6760176830739407,0.482
1.039394581142691,1.0062073252875843,1.0725818369977977,0.557
2.326656197658377,2.27699233924415,2.376320056072604,1.609
2.656448288329241,2.6297899137941156,2.6831066628643665,3.378
1.791654378668381,1.7609690506043267,1.8223397067324352,0.033
2.248320420952914,2.219682449608352,2.276958392297476,0.042
1.78849914891314,1.7571654062074105,1.8198328916188697,2.499
2.4586280295750833,2.4328640946676563,2.4843919644825103,3.306
1.3840253697614573,1.3477694640360665,1.4202812754868481,1.033
3.1004361359571146,3.076112782932842,3.1247594889813874,2.55
2.0750381136758174,2.0482034529275355,2.1018727744240993,1.526
1.8353183758051035,1.8040554389830405,1.8665813126271664,0.66
1.8769082426711075,1.8460882329842818,1.907728252357933,3.534
1.7505544497338235,1.7188000659681149,1.782308833499532,0.64
3.162763608944987,3.1204380628580073,3.2050891550319665,2.76
1.4514223661626584,1.4113505746201596,1.4914941577051573,1.491
2.2966554192751927,2.272073024174364,2.3212378143760213,1.604
0.5238960951654748,0.4804969016368068,0.5672952886941427,0.01
1.8125752492742553,1.784908715899778,1.8402417826487325,0.894
2.5026860541035147,2.4714185162575553,2.5339535919494742,6.087
2.0589036162214964,2.0290792963522306,2.0887279360907622,4.74
1.8359033577078387,1.8020845988042553,1.8697221166114222,0.557
1.2067761157135213,1.0076396615468803,1.4059125698801622,1.759
3.607418340709761,3.558555402641366,3.6562812787781556,4.876
1.3678857326461529,1.3314145414225724,1.4043569238697333,0.521
2.357330438729818,2.3256086608084963,2.3890522166511396,1.771
0.8644087453859874,0.8170465051768949,0.91177098559508,0.342
1.3764807665503238,1.3408737349607645,1.4120877981398832,3.213
4.164152403485272,4.121298771037766,4.207006035932778,3.818
1.8247553341202252,1.782484057397236,1.8670266108432143,1.776
0.14793969520397665,0.09473925232341436,0.20114013808453896,0.084
1.4813302630316945,1.4495783354380432,1.5130821906253458,1.534
1.1297981725691109,1.08752661975356,1.1720697253846617,1.312
1.7890223239612517,1.7545125245168045,1.823532123405699,1.922
3.538212165591602,3.4943017926718913,3.5821225385113125,4.71
3.9839175199634553,3.938613501441891,4.02922153848502,3.02
3.766881334671795,3.725543908300082,3.808218761043508,4.342
1.1380829653728917,1.0960486508267333,1.18011727991905,1.734
3.6635259103010767,3.6233182078086315,3.703733612793522,4.437
2.0598309237235486,2.0314121675283037,2.0882496799187935,1.631
1.5905106370826692,1.538528176189011,1.6424930979763273,2.132
2.4376198360630803,2.405563500194973,2.4696761719311877,1.656
2.6861504036372867,2.6469727360058846,2.725328071268689,2.19
2.54590698780403,2.5144507861306957,2.5773631894773645,4.276
3.543816403335544,3.505357126621157,3.582275680049931,4.379
4.125647029550402,4.0765640920715915,4.174729967029212,3.132
1.2525696345953148,1.2068893885539231,1.2982498806367064,2.499
1.7256935377072955,1.6954264787028543,1.7559605967117367,0.892
2.237062586406648,2.2048250749095804,2.2693000979037157,3.239
3.2963363260819705,3.2668161001290876,3.3258565520348533,4.083
2.052827426637332,2.016447975199689,2.089206878074975,0.07
2.3677939177497436,2.3483224838673777,2.3872653516321094,0.236
3.25924197496823,3.2268305400849533,3.2916534098515067,2.161
2.1373392618809968,2.1004483097966395,2.174230213965354,0.01
2.245032549000305,2.206655836073971,2.283409261926639,1.942
3.0717512506875413,3.0383350018728423,3.1051674995022402,3.148
3.9671630445960977,3.9220103935050545,4.012315695687141,5.0
1.447349617896851,1.4069903106798238,1.4877089251138782,0.208
2.8011561361640607,2.772687975711547,2.8296242966165743,5.341
2.839788627928964,2.815678337609431,2.8638989182484966,4.74
3.681593801231405,3.637196072128725,3.725991530334085,5.1
1.328785663736069,1.2765624226891064,1.3810089047830318,2.051
3.4508969989389824,3.421427862993837,3.480366134884128,2.948
4.107697410045008,4.065678408087721,4.149716412002294,3.72
0.7697575717930534,0.7271901564254176,0.8123249871606891,0.136
3.5720992510982033,3.5341925743618305,3.610005927834576,5.01
1.3611111509953149,1.3162535470419998,1.40596875494863,0.357
1.1228136795159567,1.0741144107000287,1.1715129483318847,0.852
3.001412762733633,2.963854542411633,3.038970983055633,4.728
2.573947375801984,2.534642530903521,2.6132522207004474,4.709
1.6529587214998176,1.6252377044652797,1.6806797385343555,0.175
1.8727085873365916,1.8352756325106145,1.9101415421625687,5.038
1.821029343661453,1.7987442051493099,1.8433144821735963,2.794
1.0721196727760733,1.030617728384779,1.1136216171673676,0.026
3.210102574984618,3.1678820362322084,3.252323113737028,4.038
2.2144293672306063,2.1837775536996222,2.2450811807615905,1.41
2.9845790350137276,2.948825890601251,3.020332179426204,5.075
1.9834663271488386,1.9511312322142396,2.0158014220834377,2.322
1.3158992325515928,1.2891037819018214,1.3426946832013642,0.019
2.3020038315780496,2.274548428080331,2.329459235075768,0.687
2.3620282591745347,2.3330503900234083,2.391006128325661,2.678
3.623634441906807,3.587026507677021,3.660242376136593,2.481
0.7837465645616698,0.7447654104709,0.8227277186524397,1.257
3.5172632396038885,3.470553943384568,3.563972535823209,1.908
2.278754363175988,2.234757037445234,2.322751688906742,3.826
2.419191209575539,2.3965331503596885,2.441849268791389,4.975
2.2738255532534546,2.2367887711985297,2.3108623353083795,0.61
1.8334172268651456,1.807341924005544,1.8594925297247473,0.154
3.173848342193451,3.143830162145143,3.203866522241759,3.768
1.4857217872976831,1.4544684153321552,1.516975159263211,0.701
2.393098518464207,2.361343063222437,2.424853973705977,3.619
1.8366073924494084,1.8038792010886202,1.8693355838101966,0.061
0.4938457441578664,0.4402906468689017,0.5474008414468312,0.083
2.253844924964961,2.216408952160254,2.291280897769668,2.264
2.0057722084042044,1.968749265690783,2.042795151117626,2.201
2.1198980820463,2.0819841797704117,2.1578119843221883,2.439
1.9588524023752683,1.9195478902678464,1.99815691448269,0.01
1.9757369729149228,1.9469387792464863,2.0045351665833593,4.703
1.6149029303128712,1.5757973603778208,1.6540085002479217,0.136
1.302824517060619,1.2666041047774623,1.3390449293437756,0.637
1.9712609737318876,1.9433828414226804,1.9991391060410948,5.151
2.356479025978459,2.3239134481545074,2.389044603802411,4.743
1.9102613260437082,1.8638927640293173,1.9566298880580992,0.331
3.5805261586106383,3.530162979008791,3.6308893382124854,3.858
1.2295224105281384,1.1898883762296624,1.2691564448266144,0.163
1.4184642344036182,1.3628297599129262,1.4740987088943103,1.231
2.3934857010123123,2.3570734473165458,2.429897954708079,3.688
2.4099064133022723,2.3914409159637064,2.428371910640838,1.357
3.1411951080063183,3.108381500250239,3.1740087157623975,3.968
1.174673506883891,1.1332641966123023,1.2160828171554796,1.265
1.6490323365226294,1.6156637577759194,1.6824009152693393,2.115
1.53104440150449,1.4942737275283804,1.5678150754805995,1.634
2.164153607206464,2.1387030622636223,2.1896041521493057,0.837
1.7758893016299415,1.7325436276812174,1.8192349755786656,0.657
1.5529075676865765,1.509999619214935,1.595815516158218,1.104
3.507757543936898,3.474669317064923,3.5408457708088728,3.971
2.576480321067441,2.5465739184183973,2.606386723716485,4.315
2.7788080285987222,2.742448893306412,2.8151671638910325,1.072
3.744683160392047,3.6996160997358705,3.7897502210482235,4.001
1.9974814724146013,1.9722266829215123,2.0227362619076903,0.852
3.56174625382219,3.5178706171522953,3.6056218904920843,4.691
1.753490765005282,1.713934458794314,1.79304707121625,1.339
1.4456717972739865,1.4107705619037179,1.4805730326442552,3.722
1.2222362639983293,1.187375096650842,1.2570974313458165,0.225
3.994347215515001,3.9481367376022236,4.040557693427778,3.011
1.7615011053267866,1.7335482681850773,1.7894539424684959,1.161
1.9973518792592726,1.970369537430095,2.0243342210884503,0.037
1.3428256942392274,1.310554153779966,1.3750972346984887,1.512
3.351582192801612,3.307236164159795,3.395928221443429,2.747
2.235974096881917,2.2052329527490606,2.266715241014773,0.643
3.8766609416978692,3.831864524689996,3.9214573587057426,3.147
1.446438294667429,1.4156003475993424,1.4772762417355156,1.557
2.28316818816564,2.2421527228988833,2.3241836534323963,5.188
1.9120354814586284,1.8706490360597707,1.9534219268574862,4.526
1.9504707575708569,1.9099178550900031,1.9910236600517106,2.138
2.7479853316712144,2.7123458867147536,2.783624776627675,1.979
3.0885455998492013,3.0483637411581532,3.1287274585402494,4.985
3.4274781972051334,3.379124630117783,3.475831764292484,4.0
4.092512841428653,4.045285683079549,4.139739999777757,2.319
2.6540181303141703,2.6239234018349946,2.684112858793346,4.761
3.218258984979262,3.1806876320744744,3.25583033788405,4.994
3.9919014452995345,3.948389288159794,4.0354136024392755,4.582
1.4343059292134002,1.4094109711476333,1.459200887279167,1.453
1.8278473327305251,1.7951817388749414,1.860512926586109,1.748
3.1829023462477157,3.1484121445049316,3.2173925479905,5.187
1.8826620416185331,1.8577716796891985,1.9075524035478677,2.037
3.000676498562701,2.954516768324327,3.0468362288010744,1.603
1.8831603989393628,1.8452907773470462,1.9210300205316795,1.69
1.3806181412367993,1.3418273976431823,1.4194088848304163,0.665
2.2888185605012077,2.265739600832491,2.3118975201699246,1.561
3.870235803812137,3.821715968155985,3.918755639468289,2.634
1.3327147766166223,1.2839485080705115,1.381481045162733,2.378
2.0293258911070904,2.0011722568399244,2.0574795253742564,0.027
3.4793619789996226,3.4362513199116314,3.522472638087614,2.166
1.706015686498605,1.6729249938262143,1.7391063791709955,1.844
1.0678315967541983,1.03167788041257,1.1039853130958266,0.058
1.4063706433741656,1.375878212586344,1.4368630741619872,0.695
3.161357991679261,3.121222378889353,3.201493604469169,5.653
1.9740323465255363,1.9435697943809034,2.004494898670169,2.315
2.494465976659174,2.461207647360272,2.527724305958076,1.952
1.579158373147043,1.549917358197489,1.6083993880965972,0.482
4.516032050694546,4.458925826223727,4.573138275165366,3.039
3.746291254987662,3.7040357451024017,3.788546764872922,5.082
2.637421432512581,2.6112834738775517,2.6635593911476105,0.715
1.6292366091069888,1.605935942276343,1.6525372759376344,4.207
1.9142645197191621,1.8825276056316156,1.9460014338067086,1.75
2.093792672611384,2.0603054096368116,2.1272799355859564,1.433
1.7278610541951702,1.696020329487445,1.7597017789028955,0.568
2.5341344704144335,2.496492420041421,2.571776520787446,0.233
1.1266289763349153,1.0806943278119183,1.1725636248579123,1.035
2.2094392186647402,2.178385621491163,2.2404928158383175,0.625
2.44197494086723,2.40977675058394,2.47417313115052,4.345
2.4887402428752474,2.4608506367917435,2.5166298489587513,1.965
2.419216513621549,2.3880455308742805,2.4503874963688173,0.864
1.5503117176764598,1.5132027165188051,1.5874207188341145,1.805
2.3891672605138483,2.3623349010888064,2.4159996199388902,2.28
2.1181131104526436,2.0834626826377405,2.1527635382675467,3.847
1.000974840067634,0.9595660892168906,1.0423835909183772,0.141
1.8326768691864401,1.813276225812258,1.8520775125606224,3.416
1.9968910069445873,1.9665782387304744,2.0272037751587004,3.724
1.51504882677041,1.4765350106507795,1.5535626428900406,1.1
4.2219574802003335,4.175270371353123,4.268644589047544,5.148
0.46691259421393455,0.4104598440275609,0.5233653444003081,0.915
1.5873571153526322,1.5531637555072548,1.6215504751980097,3.764
1.7645478562072012,1.7329116794031982,1.7961840330112042,4.462
3.015503449329104,2.9784175174718865,3.0525893811863214,4.555
2.342759716958133,2.3090353720896837,2.376484061826582,2.401
2.1684134485567017,2.135660703350941,2.2011661937624623,1.733
3.016268523152331,2.9843424162726806,3.0481946300319813,4.588
2.3727355840604654,2.3333408061174747,2.412130362003456,1.864
3.7273635498279956,3.6882613544271483,3.766465745228843,3.447
1.9653082014468084,1.9388585082760383,1.9917578946175785,0.644
2.0438936095564286,2.0058469369758907,2.0819402821369666,0.198
1.8115875862680875,1.7777013888074304,1.8454737837287445,0.195
3.3961862632913897,3.361956414566989,3.4304161120157906,4.175
3.164039777378586,3.137409880912611,3.1906696738445612,3.008
3.193644639136173,3.1529561848192302,3.2343330934531154,2.868
3.2064976715487474,3.173023510649366,3.239971832448129,3.128
1.7805420848012599,1.7420056074425063,1.8190785621600134,4.832
1.796446743144471,1.7415547490378698,1.8513387372510723,1.202
2.321023025246914,2.288901517104926,2.3531445333889023,1.67
1.601479633138988,1.5734963297719844,1.6294629365059916,0.179
3.0300222865647184,2.995283701917727,3.0647608712117096,2.513
0.953490569932101,0.9186829130188959,0.9882982268453061,0.668
2.040951235727161,2.011272403711254,2.070630067743068,4.852
3.8263915764036036,3.7758635280535415,3.8769196247536657,5.245
0.9473930732751257,0.9092178561447702,0.9855682904054811,0.151
1.7136892918441524,1.6774382627874227,1.7499403209008821,2.141
1.580339512725912,1.5463653154997865,1.6143137099520377,0.131
1.375259196766935,1.3389326286039358,1.4115857649299342,1.508
2.0829314551472944,2.0535381905476053,2.1123247197469834,1.008
2.063234652095499,2.0261941313476233,2.1002751728433746,1.805
1.4238593585396637,1.3878412908212039,1.4598774262581236,3.753
3.3810588850927625,3.342682823749877,3.419434946435648,2.934
1.9681757782868683,1.9413901236957578,1.9949614328779788,3.878
1.9716200878487742,1.9281652791447996,2.0150748965527487,1.491
1.5792571228358878,1.5474526152763421,1.6110616303954335,0.575
4.419616520568644,4.368730195635611,4.470502845501676,4.042
2.926451186203554,2.892973333076492,2.959929039330616,4.598
2.909476675158462,2.870052071196248,2.9489012791206766,3.077
1.3558053945164037,1.32865871946537,1.3829520695674373,1.386
2.5532609120516687,2.5246104985119735,2.581911325591364,0.597
1.7628197026542003,1.72330311999509,1.8023362853133107,2.196
1.1980102583890146,1.157181615350207,1.2388389014278223,0.01
2.283890099681447,2.258047572084708,2.309732627278186,1.051
3.6991412554198164,3.6606383645965352,3.7376441462430976,4.217
0.9191178360421123,0.8856283584463088,0.9526073136379157,0.474
-0.11719967184629349,-0.17503847693067567,-0.05936086676191129,0.794
1.5513038041789216,1.5197807370110052,1.5828268713468379,0.496
2.683876608062222,2.655219214250814,2.71253400187363,4.686
1.9466271661758237,1.9059435458794336,1.9873107864722137,1.101
1.78899930752603,1.7684661305877374,1.8095324844643226,3.645
1.007377081465439,0.9542107633339254,1.0605433995969527,0.981
1.3185432560551977,1.2736411462859485,1.363445365824447,0.323
1.3234241400042546,1.28075853696956,1.3660897430389491,1.562
3.5348574377792485,3.504347603897833,3.565367271660664,2.606
3.3508734968253973,3.321460064403007,3.3802869292477875,4.206
2.2407322590711396,2.2104765407183975,2.2709879774238817,4.135
1.0750670517265362,1.0372705570151386,1.1128635464379337,1.463
0.3316354743697205,0.27824548898284057,0.38502545975660046,0.123
2.4960990960422897,2.4722609822914974,2.519937209793082,0.218
2.3496771539215957,2.3229860445023602,2.376368263340831,1.74
2.719562022985957,2.688112072477791,2.7510119734941227,2.583
3.5446778438376163,3.511763165664021,3.5775925220112117,3.121
1.1969268359669685,1.1645287547838883,1.2293249171500487,1.915
1.3805966909029037,1.3444173940718966,1.4167759877339108,0.511
2.840478382850549,2.8051057284411693,2.875851037259929,2.236
3.3660715467570874,3.334279279533934,3.3978638139802406,2.21
1.3821647849009624,1.3361603848582406,1.4281691849436842,1.004
3.4129315700668363,3.369889933529776,3.455973206603897,4.994
1.8409019620065128,1.8112956780473721,1.8705082459656535,2.078
2.051807643508915,2.009330844736537,2.0942844422812934,0.622
2.3793721541635335,2.3381095363780116,2.4206347719490555,0.832
3.259705478799997,3.2233073729478368,3.296103584652157,2.751
3.4026960590850712,3.3700406441350825,3.43535147403506,4.688
2.653057916690788,2.6197034118768308,2.6864124215047456,2.294
1.126557687814322,1.0911511883401714,1.1619641872884725,0.195
2.1530423391439553,2.1273956715087077,2.178689006779203,0.64
3.5472485824654827,3.510251287355979,3.5842458775749866,4.414
0.7993248427621996,0.7594034915557653,0.839246193968634,0.149
1.7810778089515313,1.7434948670469497,1.818660750856113,1.845
3.4088112919139326,3.3653897037573373,3.452232880070528,3.77
3.3647900903911023,3.3295070667389126,3.400073114043292,5.228
3.1322332303470968,3.104082255985526,3.1603842047086674,4.145
2.0494866948012707,2.0222419302403645,2.076731459362177,1.068
1.4432387498584802,1.4109441338336424,1.475533365883318,1.307
2.7373838402351245,2.7039636264355305,2.7708040540347185,2.463
0.5565538029716779,0.5072976309288224,0.6058099750145334,0.447
4.039656013498317,3.9932774780670823,4.086034548929551,4.476
1.0442530654440558,0.9922052698107688,1.0963008610773428,2.022
1.5793633738758148,1.532536373594394,1.6261903741572357,1.482
3.5548182979272607,3.508612614734684,3.6010239811198375,2.689
0.8743855051630651,0.8356738116618121,0.9130971986643182,0.124
2.313661379667144,2.285216461677167,2.3421062976571214,0.161
1.1633706203909262,1.1277775854264778,1.1989636553553746,0.205
0.08359927426838266,0.029862447688763838,0.1373361008480015,0.301
1.1794275884861711,1.1500901472744292,1.208765029697913,1.653
3.365849132130468,3.3277734618667707,3.4039248023941657,3.918
3.352537694007208,3.3133960320860436,3.3916793559283724,2.647
1.7926996949686689,1.7506204628940096,1.8347789270433281,2.603
2.0692772695065473,2.0465439654861286,2.092010573526966,2.14
1.5776077111542683,1.5396910351782327,1.615524387130304,1.491
3.974794676496456,3.9269989255027666,4.022590427490146,4.836
2.1990284017256396,2.1671784398699003,2.230878363581379,1.752
2.5651443151442037,2.5308778245732233,2.599410805715184,3.506
1.7817410098063977,1.74937683794381,1.8141051816689855,4.266
0.9554960510067797,0.9121501483094562,0.9988419537041032,2.527
1.1715342159962976,1.1292195695284961,1.213848862464099,0.114
1.380333259048543,1.338491049474328,1.4221754686227581,1.413
2.470164398573205,2.4270132202593233,2.513315576887087,4.033
3.5322938739835053,3.4952487576300895,3.569338990336921,4.818
1.5099073229627855,1.4735667439383089,1.5462479019872621,1.764
2.8624206345630854,2.8382430007543764,2.8865982683717943,4.59
2.9170778961506882,2.891293146826778,2.9428626454745985,2.681
2.0888721021968855,2.0626107891282874,2.1151334152654835,0.66
2.6005717863660376,2.5687202202490482,2.632423352483027,4.679
3.1092975824739226,3.077241697386954,3.1413534675608914,2.428
3.2891177593009484,3.2477903532581003,3.3304451653437965,5.22
2.76321986589869,2.730548270540502,2.7958914612568777,3.073
4.151612038105578,4.112158396096385,4.191065680114772,4.65
2.127624029681077,2.07055698490602,2.184691074456134,1.617
3.4486223595078345,3.4073625719719716,3.4898821470436974,2.639
2.1733004232272,2.138146208194023,2.2084546382603776,2.822
3.172561589579176,3.134566361755601,3.2105568174027512,5.549
0.6435485131576191,0.5896167833666717,0.6974802429485665,0.32
2.30391330039181,2.256009337120623,2.3518172636629973,1.999
4.239351648224902,4.195009637088116,4.283693659361688,4.454
0.8887410662874946,0.8419365857845487,0.9355455467904406,1.21
4.061942414943142,4.023744700241989,4.100140129644296,3.01
0.29683640004491496,0.2470194260212279,0.346653374068602,0.484
4.018907829996427,3.9739965049974724,4.063819154995381,3.663
1.5840551036287063,1.5523633592226722,1.6157468480347403,0.032
2.2320850969800294,2.195379407189437,2.268790786770622,1.522
1.546483977547508,1.5045230551874949,1.5884448999075214,1.709
2.7686966730729927,2.7392982133139023,2.798095132832083,4.361
2.2337392397109417,2.208393069249049,2.259085410172834,1.924
3.340151285576616,3.30310082300253,3.3772017481507017,4.416
4.217172871000472,4.163377352078746,4.270968389922198,5.185
4.228091154134035,4.185533986460551,4.27064832180752,2.472
1.487341108545001,1.4514093219983808,1.5232728950916212,1.537
3.1626300787406407,3.1183784769336813,3.2068816805476,2.293
1.1156248358008614,1.073934064773093,1.1573156068286297,2.653
3.827333434945088,3.783625063330746,3.8710418065594294,4.822
4.173826711724304,4.134347485441203,4.213305938007406,5.521
2.246650004446199,2.228262110127999,2.2650378987643984,0.206
2.153740369916998,2.1247666635714886,2.1827140762625072,3.329
2.732160474376287,2.70548273176068,2.758838216991894,2.849
1.9310573118311827,1.8919777231892674,1.970136900473098,1.939
1.9753951162469978,1.9414481038019296,2.009342128692066,1.588
3.979140489426195,3.9365881262890725,4.021692852563317,3.448
2.4072954469153056,2.37493195680273,2.439658937027881,0.827
3.5427944889068033,3.5038111115076074,3.581777866305999,3.299
1.6945090770482538,1.6592562661233425,1.729761887973165,1.436
4.254718356853719,4.206537003298683,4.302899710408754,5.251
2.6604732759877865,2.6244668922369194,2.6964796597386536,0.232
1.0980891034903375,1.0653750024463104,1.1308032045343646,0.017
1.7749608044367526,1.740467430966877,1.8094541779066282,1.533
1.7746760645027648,1.7380764488699756,1.811275680135554,5.224
1.9340208055329489,1.907817094166406,1.9602245168994916,2.35
1.7983123199581055,1.7634464891170103,1.8331781507992007,1.615
2.6651853811441275,2.6329763398845625,2.6973944224036925,3.847
1.4347704407423427,1.3948133003018708,1.4747275811828147,2.283
1.2014621335641402,1.1664252188961386,1.2364990482321419,0.746
3.3611904648192428,3.315349708792764,3.4070312208457216,3.222
3.6763782763948964,3.633443972775752,3.7193125800140407,2.638
2.007575916336294,1.9744629537032603,2.040688878969328,4.747
1.8712288413291724,1.8360798189037777,1.9063778637545672,1.473
1.288757677865237,1.247084978047365,1.330430377683109,0.531
3.3758536955797105,3.341662985251141,3.41004440590828,4.212
1.0851316313785258,1.0392498121615563,1.1310134505954952,2.478
2.1970112638838626,2.168111327234308,2.225911200533417,0.325
1.3270746733583587,1.2956371636001593,1.358512183116558,0.015
3.0321857147511695,3.004516051371879,3.05985537813046,4.78
2.194382746669809,2.1703551644368186,2.2184103289027997,0.678
1.5140550088201516,1.4775631641307714,1.550546853509532,0.221
2.3393498247142923,2.1428659150831737,2.535833734345411,0.281
4.134282482999167,4.084581986446704,4.1839829795516295,5.169
2.3698577138422423,2.3504018681151195,2.389313559569365,3.299
1.4554597052212912,1.4233499282487267,1.4875694821938557,1.924
2.7166387389358517,2.6872874476605917,2.7459900302111118,2.472
3.0778412672935445,3.0241612359358316,3.1315212986512573,2.397
1.6387105702462204,1.5924754358966762,1.6849457045957645,2.092
3.8278156797103415,3.7944709698056016,3.8611603896150815,4.644
2.106820904526637,2.07529964018987,2.1383421688634043,4.333
3.333873103495791,3.294630818086707,3.3731153889048753,5.029
2.9541359062297268,2.910199901078814,2.9980719113806393,4.507
2.617726232912351,2.5898820577891843,2.6455704080355176,4.394
1.6922867645129338,1.6588553801275971,1.7257181488982705,0.428
1.896883778153675,1.8758092194212066,1.9179583368861433,0.521
3.3857450068349584,3.3471301883173274,3.4243598253525893,3.464
1.2913085823833117,1.249208831003059,1.3334083337635645,1.702
2.331514354222254,2.2842321730950914,2.3787965353494167,1.33
0.9460184153166825,0.9057046689512888,0.9863321616820763,1.317
2.0309304407621185,2.0097562310223616,2.0521046505018754,1.982
0.7667578570236248,0.7208401725669648,0.8126755414802848,2.297
2.339680900544751,2.3075726024024665,2.371789198687036,0.971
1.3156415286552243,1.2786547755947257,1.352628281715723,1.929
3.740871215721366,3.697714192339024,3.7840282391037077,5.236
2.4323661687515172,2.399164617246974,2.4655677202560606,4.551
1.8692115789351729,1.8201559079478924,1.9182672499224533,0.672
2.017246536235236,1.986609925500043,2.047883146970429,5.133
2.1773915222566944,2.1445018705411263,2.2102811739722625,0.058
2.171452844862064,2.142525678412378,2.2003800113117498,2.958
0.7340222792197703,0.6934508745156016,0.7745936839239389,0.464
2.2269116187105653,2.1982652619626792,2.2555579754584514,1.552
3.486815957546099,3.4473037729795952,3.5263281421126025,4.792
2.065701854537423,2.037657913855515,2.0937457952193306,1.756
0.9390402465773352,0.8920199713328512,0.9860605218218192,1.581
2.1137466045788917,2.0697239064827895,2.157769302674994,5.352
3.9559138272895824,3.9114789490705175,4.000348705508647,5.082
2.156782665295651,2.1188181778995117,2.1947471526917908,1.311
1.9684828318653498,1.9407303104813574,1.9962353532493422,2.872
2.5974846887662992,2.567114408844701,2.6278549686878976,2.602
2.260624573589935,2.228848629069176,2.292400518110694,2.592
0.005122656657574112,-0.05077725663387007,0.061022569949018286,1.003
1.8802739899463956,1.8369974404069533,1.9235505394858379,0.782
2.3510188640705136,2.325784046090558,2.376253682050469,2.404
0.3876091002632313,0.33457580842337015,0.4406423921030925,0.114
1.9120716671699374,1.8721449533440968,1.951998380995778,4.593
2.804171992118007,2.759862065355763,2.848481918880251,0.822
2.445482283466613,2.4067468222117605,2.4842177447214655,0.044
1.2509339093983582,1.2064806481395265,1.29538717065719,0.212
2.23136528041125,2.19304404397317,2.26968651684933,1.845
2.2649675343211846,2.235954453090327,2.293980615552042,2.129
3.469142699405109,3.4285004890135227,3.5097849097966956,4.673
1.2912852274953717,1.2500446723608125,1.3325257826299308,2.563
2.1908501225983583,2.148353022190129,2.2333472230065876,1.977
1.5427174475672312,1.5174524366568878,1.5679824584775746,4.03
1.4977602044194256,1.4418839226803999,1.5536364861584513,1.095
3.594015643968561,3.5597058391414516,3.62832544879567,3.013
2.235187049667124,2.197766954817066,2.272607144517182,1.547
1.9915036841464828,1.9524597072698822,2.0305476610230833,1.839
0.473241186259571,0.4308365088508621,0.5156458636682799,1.1
0.5811726458663029,0.5366676099418343,0.6256776817907715,1.321
0.4578704858540347,0.41115247522818776,0.5045884964798817,0.01
1.2295781177381835,1.1976030292799429,1.261553206196424,0.092
2.1170484052646494,2.0735044645602057,2.160592345969093,2.635
2.7047109055461735,2.6697655394374498,2.7396562716548973,0.059
2.4376198360630803,2.405563500194973,2.4696761719311877,1.392
2.3337615525766484,2.290408124872987,2.37711498028031,1.818
2.4533421638624255,2.432379196490275,2.4743051312345763,4.675
2.416162069574943,2.3794875020495625,2.4528366371003236,2.569
1.9407676131375087,1.9152100083494352,1.9663252179255821,2.354
1.82723569293715,1.7828650358068323,1.8716063500674678,2.951
2.4704788722429183,2.4183424855457525,2.522615258940084,2.518
1.401077404979019,1.370611103328518,1.4315437066295198,1.626
2.3888705057868505,2.3398992259901434,2.4378417855835575,2.822
4.184751324486831,4.137478657967195,4.232023991006466,5.698
1.450403322188137,1.415865426079308,1.484941218296966,0.757
4.083217255399993,4.041257240303614,4.125177270496372,4.154
1.6439025677708212,1.6197513189439205,1.668053816597722,3.919
2.6807195595089084,2.6377121864343107,2.723726932583506,1.87
4.30310925503993,4.253153927535765,4.353064582544095,4.745
2.7634615988387785,2.725636198359432,2.801286999318125,0.22
-0.03219309393809995,-0.08842384992003713,0.024037662043837227,0.099
3.4990340834129103,3.4595544638500355,3.538513702975785,4.285
2.4790289498567004,2.4497997450647,2.5082581546487006,1.773
2.2501086538906914,2.2256267606263003,2.2745905471550825,1.812
1.6823182122285503,1.6592837041073527,1.7053527203497478,1.597
2.6498557169322927,2.6255732673100005,2.674138166554585,0.251
2.368370259571817,2.3383067853329966,2.3984337338106374,0.583
0.4931103882139602,0.44235740069359347,0.543863375734327,0.687
2.4127267493250213,2.3787496495885363,2.4467038490615063,3.334
1.6470448436063543,1.6111733545458509,1.6829163326668577,4.26
2.26006065671332,2.2278133678102585,2.2923079456163813,4.862
3.5458225352070256,3.4986953603496658,3.5929497100643855,2.829
3.9474776148632285,3.9071602311231253,3.9877949986033316,2.298
2.5656926377894385,2.5430406005201758,2.588344675058701,3.932
1.9096542513261787,1.8879357806685169,1.9313727219838406,1.556
2.6936414447180526,2.653143948740649,2.734138940695456,0.805
1.7221112658520028,1.6865456397866132,1.7576768919173924,2.069
3.0865570519705927,2.888760628204598,3.2843534757365873,4.232
2.2996295780219658,2.27121673532312,2.3280424207208115,1.863
1.9605129763277747,1.9323494868948006,1.9886764657607487,0.915
0.944547506041507,0.9029126427240705,0.9861823693589434,1.647
1.2493694881055244,1.20828867458583,1.290450301625219,1.002
2.5217780097288682,2.4962575008652172,2.547298518592519,4.654
4.222011524192795,4.171120256489416,4.272902791896175,5.381
1.1862111514675417,1.1511136747700976,1.2213086281649859,0.176
1.2061551677787299,1.1730565410967944,1.2392537944606654,1.555
1.56905799009077,1.53398203208136,1.60413394810018,0.154
1.6241971846910936,1.5927886640156046,1.6556057053665827,3.43
1.7394501349536367,1.6969501921546333,1.78195007775264,0.619
0.693769768593556,0.6471027693872926,0.7404367677998194,0.13
2.0926127455645633,2.0671017974456767,2.11812369368345,3.894
1.468071593453789,1.4242850864729857,1.5118581004345921,1.034
2.055148302252738,2.0223472326949867,2.087949371810489,0.204
2.1576977589992183,2.1217582089329166,2.19363730906552,5.235
1.045360040732957,1.0142733908790678,1.0764466905868464,1.445
3.238208440928373,3.1975954366016324,3.278821445255114,3.104
1.839673581471912,1.8082048082563877,1.8711423546874364,0.269
3.6499801479390586,3.611506059841996,3.688454236036121,5.423
2.149434481907091,2.116225703701143,2.1826432601130388,0.669
1.635494800767558,1.6070018945004518,1.6639877070346643,1.625
1.992817003590142,1.967515446254339,2.018118560925945,3.904
2.0688904534288057,2.036395957013094,2.1013849498445176,3.631
3.5147105520297406,3.4782918213578107,3.5511292827016705,4.377
2.679648038244675,2.639161773557167,2.7201343029321827,2.427
2.839822939522945,2.8077069643497548,2.8719389146961354,4.889
1.4753044844092849,1.438283874689807,1.5123250941287627,1.794
0.26930310556776565,0.2189437150758787,0.3196624960596526,0.48
2.5100974216237932,2.4741003223780313,2.546094520869555,0.046
3.5456716385037033,3.5061935390854946,3.585149737921912,2.267
1.77595712563102,1.751401831894399,1.8005124193676412,4.659
2.943395630286296,2.8993761399899647,2.987415120582627,3.23
2.6984384521631855,2.678069091474237,2.718807812852134,2.888
2.550905807726053,2.5095418146205835,2.5922698008315224,0.183
3.623533170156286,3.578256533830095,3.6688098064824772,3.989
1.656405456737117,1.6341914027051592,1.6786195107690747,2.366
2.683066291114036,2.6422694731038616,2.7238631091242107,1.807
1.8223570854660787,1.777998857559559,1.8667153133725982,0.162
3.985685611829994,3.9410443482295907,4.030326875430397,4.852
1.5873424447515523,1.5513750632574113,1.6233098262456933,1.13
1.7648009227265244,1.7170784215669312,1.8125234238861176,1.213
1.8208920238588373,1.78069896683503,1.8610850808826447,0.028
1.160793377567903,1.119657975284338,1.2019287798514677,1.463
1.8663958047402927,1.8402086471967205,1.8925829622838648,0.179
3.3351800522237163,3.300843578371241,3.3695165260761915,2.718
2.4001919691052387,2.3671212608438035,2.433262677366674,4.64
1.956787086583369,1.9317262283609653,1.9818479448057726,1.787
2.246560748218661,2.2238983064645805,2.2692231899727413,1.605
2.2135574360915564,2.194881850820141,2.2322330213629717,2.337
1.2872102643056242,1.253324921275106,1.3210956073361424,1.806
3.913724128058157,3.8781671101972264,3.949281145919088,4.92
3.290942343785061,3.25724929840974,3.3246353891603824,4.961
2.2957704836149735,2.2511433268791405,2.3403976403508064,0.264
1.1047200049482993,1.065729798351735,1.1437102115448634,1.908
2.823530779144868,2.780026927407213,2.867034630882523,4.372
0.42528344978089466,0.3793530756982285,0.4712138238635608,0.341
2.4650216671071004,2.4371415645191155,2.4929017696950853,5.164
3.6873058429485437,3.65292701757589,3.7216846683211973,4.062
1.201226233561073,1.1610452847580006,1.2414071823641455,1.486
0.5928832646001748,0.5447812333763343,0.6409852958240153,0.959
1.7985141430949225,1.7695364412309484,1.8274918449588966,0.928
1.122295334775621,1.0888997653909889,1.1556909041602532,1.429
2.385639587575735,2.345243203379461,2.4260359717720092,4.861
2.6144771908321216,2.590479657000531,2.638474724663712,2.203
3.9945344960568407,3.944938025153021,4.04413096696066,2.503
2.9776317837846626,2.9338431053450407,3.0214204622242846,2.572
1.8766463818278372,1.8485943972906738,1.9046983663650006,0.056
3.271856231351264,3.2374206274707538,3.3062918352317743,2.811
1.090346741744375,1.0469266980077843,1.1337667854809659,1.412
1.805366912689367,1.7824314136477293,1.8283024117310047,0.485
1.943861393806939,1.9079671117884018,1.979755675825476,1.734
3.21464524867042,3.1693861247952864,3.259904372545553,5.641
2.508896276324256,2.4494411255186743,2.5683514271298375,1.605
4.27695736117077,4.225039019586533,4.328875702755007,4.465
2.4688363440191026,2.437040470591175,2.50063221744703,1.726
1.712819280967259,1.6842643683927379,1.7413741935417804,1.493
2.4868291214939604,2.4476009869540167,2.526057256033904,0.699
2.2766055791672746,2.2516181496758265,2.3015930086587226,0.055
2.3967550090603287,2.3709805895151055,2.422529428605552,2.174
1.9615517477613984,1.9312173606249383,1.9918861348978585,4.725
2.949276632938404,2.915558316383595,2.982994949493213,4.591
1.6919870496728433,1.6605052900726893,1.7234688092729973,0.232
3.243243548035661,3.2020261703619695,3.2844609257093524,3.723
2.7465969685966027,2.716751499711986,2.7764424374812195,3.066
1.1380829653728917,1.0960486508267333,1.18011727991905,1.008
1.7323028147380424,1.701812122455704,1.7627935070203808,0.61
4.145352027174061,4.1016197810876625,4.18908427326046,3.204
3.7017789076062644,3.669535101734165,3.734022713478364,2.413
2.6553737349851696,2.6248588953970176,2.6858885745733216,3.766
4.038620070820846,4.000795226102782,4.07644491553891,4.804
1.7439527010946059,1.6996017933780116,1.7883036088112,0.049
1.9531391169593924,1.9110058563816246,1.9952723775371601,5.263
3.512832373390049,3.472809373711626,3.552855373068472,4.336
2.275577762234092,2.2582523329766016,2.2929031914915825,2.942
2.21839560282673,2.175374565761009,2.261416639892451,1.678
0.9735536126785247,0.9174702886183655,1.029636936738684,2.059
4.024550949339703,3.979635359268049,4.069466539411358,4.985
2.9186356130085462,2.889413047120108,2.9478581788969844,2.539
2.3887204808385802,2.345390737355777,2.4320502243213835,1.643
1.857310414115805,1.80984392136056,1.90477690687105,0.154
3.072705052065161,3.039417597232415,3.1059925068979073,4.838
3.1752811634641773,3.1374846809763826,3.213077645951972,2.68
2.484005162370456,2.465389845215269,2.502620479525643,2.321
3.6164010539923996,3.5701539405260214,3.662648167458778,2.616
2.8305832944548595,2.794180186445992,2.866986402463727,5.016
3.7885612257395658,3.742639708492889,3.8344827429862427,3.182
1.5159195864543107,1.4730086127528075,1.558830560155814,1.554
1.8918712192900624,1.8646573199544658,1.919085118625659,1.449
4.278406727575168,4.237312261972886,4.319501193177449,5.301
1.6048032871305957,1.5691099076941357,1.6404966665670557,1.508
1.4119716199025363,1.3796278111835825,1.44431542862149,0.147
4.424410022427237,4.369894484760889,4.478925560093585,5.533
2.5919256622703974,2.561367436137617,2.622483888403178,3.204
2.3413388459809257,2.3044284606341856,2.3782492313276657,5.279
3.0979793020725155,3.04612628927658,3.149832314868451,2.237
2.9887311920908393,2.9563657823819955,3.021096601799683,4.164
2.17583847626685,2.1460172011422967,2.2056597513914036,3.281
2.4598757442696875,2.42145045998283,2.498301028556545,3.576
2.353648828287248,2.3149789907024774,2.3923186658720184,1.672
2.232623246214142,2.197354804057597,2.267891688370687,2.345
2.8523659233703405,2.8304595454129258,2.874272301327755,2.677
2.1710740581324557,2.1320885425163913,2.21005957374852,0.196
2.1061672623724155,2.073846642781079,2.138487881963752,2.331
1.704613520101589,1.676268300069629,1.7329587401335491,2.186
2.6762532339355007,2.636885468222104,2.7156209996488974,1.622
2.412307224966444,2.378720073235815,2.4458943766970727,4.067
1.4957709001328439,1.458348655927463,1.5331931443382247,1.894
3.0250267419098,2.8284419610631866,3.221611522756413,5.371
1.7543386280727071,1.7235238068548915,1.7851534492905228,1.497
2.9727422280065734,2.922880869245413,3.0226035867677337,2.87
3.5986894456157805,3.5544596404223348,3.6429192508092263,3.51
1.5239337085310551,1.4885429927319027,1.5593244243302076,0.57
2.599893074626566,2.5566432595475317,2.6431428897056004,1.943
0.8295553927463802,0.7856657492284368,0.8734450362643237,0.914
3.7409888399516698,3.7013509986537874,3.780626681249552,3.976
1.614532458990561,1.56050574920991,1.668559168771212,2.004
1.8920747184268711,1.8637986537614804,1.920350783092262,1.938
2.7968396427564866,2.768965041294925,2.824714244218048,2.777
2.3206156548911903,2.297080054580356,2.3441512552020245,0.587
1.735464355166158,1.7055041806001965,1.7654245297321194,3.478
4.03453546752231,3.9911727579964205,4.077898177048199,4.909
1.5962103717443383,1.5646563836110718,1.6277643598776048,1.405
1.6616179782611513,1.6283690058064288,1.6948669507158738,0.224
1.8696937691111446,1.8356316773039647,1.9037558609183245,1.625
1.448893559331274,1.422441349785053,1.475345768877495,1.684
1.0558706281074575,1.0181464887009997,1.0935947675139153,1.193
1.494639565388126,1.4689804020322792,1.5202987287439726,3.621
1.739778937964687,1.695427742173423,1.7841301337559512,0.994
1.8960135648313616,1.8647099032822778,1.9273172263804454,1.521
1.3811886739498342,1.345586029795376,1.4167913181042926,3.065
2.740512198846086,2.7045561518190677,2.7764682458731045,2.903
2.7164700381550104,2.6780153214967215,2.7549247548132993,4.297
2.4073033380604123,2.382898343416129,2.4317083327046958,4.977
0.22901716023161742,0.1749156360086343,0.28311868445460053,0.099
2.54151506829044,2.498833654839804,2.584196481741076,2.402
1.5509876316781759,1.5028713192747132,1.5991039440816386,2.005
0.5698371992156102,0.5250591984285333,0.614615200002687,0.491
3.3302623028607616,3.299884004668945,3.3606406010525784,4.317
1.9520619687283753,1.933264976889473,1.9708589605672777,4.683
1.94178331328953,1.9039722685400702,1.9795943580389896,1.375
2.4999250218298013,2.475837046106375,2.5240129975532275,4.993
1.1404898305368145,1.104316981470175,1.176662679603454,1.48
2.606817631832869,2.5641116365208636,2.6495236271448745,2.627
3.044462510063604,3.0205951593801674,3.0683298607470406,4.967
0.22552621065497705,0.1746254424755924,0.2764269788343617,0.368
1.8989371616309434,1.868519057885279,1.9293552653766077,0.658
3.5831638791657223,3.5366398082095154,3.6296879501219292,5.42
3.6049513772049737,3.573558238447013,3.6363445159629344,4.533
3.4528152306529014,3.4198026603214986,3.4858278009843042,2.601
2.4133040646233286,2.3815870969219555,2.4450210323247017,2.286
2.822756179854867,2.772390558809838,2.873121800899896,1.484
3.3866863190247276,3.3512377408817215,3.4221348971677337,2.835
2.3206617068758866,2.293179021307856,2.3481443924439174,0.696
3.423766564716641,3.3908223379353837,3.4567107914978985,2.606
2.663187194868613,2.6270650402156566,2.6993093495215694,0.287
1.7399923035133045,1.7105201612571284,1.7694644457694806,0.187
2.709336329003452,2.658208066655855,2.760464591351049,1.214
2.1492952836491908,2.115151609143368,2.1834389581550133,1.663
2.9829837871531906,2.955968543065231,3.00999903124115,2.913
1.7896546073255806,1.7490031820765282,1.830306032574633,0.635
3.124321226220977,3.0985661261650215,3.150076326276933,4.897
1.3404943278582953,1.3047781311033324,1.376210524613258,0.704
3.420072896815667,3.3826154509044515,3.457530342726882,3.226
1.2978209602815283,1.258196950900761,1.3374449696622956,0.761
3.1726950650755636,3.1325258257357858,3.2128643044153415,2.291
2.2080429362889538,2.1696626719708076,2.2464232006071,0.227
3.7893833659622387,3.756253996689917,3.8225127352345605,4.405
1.564072643019884,1.5250966628617875,1.6030486231779804,0.96
2.88085837005281,2.853969484729715,2.9077472553759054,3.002
3.0105899809214596,2.978967326171478,3.042212635671441,3.219
3.1902721720325067,3.152855911927915,3.227688432137098,5.655
2.4608354609242866,2.4176806944770775,2.503990227371496,0.186
1.661851520957461,1.6197072025873167,1.7039958393276051,2.255
3.671896187240138,3.6318593420234024,3.7119330324568733,2.489
1.2446405392507793,1.2033491271790462,1.2859319513225125,1.835
1.5930045702602456,1.5627512237021792,1.6232579168183119,2.997
2.140672727675387,2.118963252067454,2.16238220328332,2.62
1.0073186184530596,0.9570178488523866,1.0576193880537326,0.309
1.7752718786878674,1.7377876581568004,1.8127560992189344,2.553
1.4979569603151361,1.4531210146376843,1.542792905992588,0.044
1.2587821361464986,1.220096862658016,1.2974674096349812,1.653
2.1574423425752167,2.1249764483372484,2.189908236813185,3.145
1.7122974832159863,1.6824885490173227,1.7421064174146499,1.745
0.6771199821781726,0.6332551409157625,0.7209848234405827,0.01
1.8526109100654202,1.8103392266417893,1.8948825934890512,1.443
2.6418963886420888,2.613283781741821,2.6705089955423564,0.789
1.6679415142595482,1.6253881475144574,1.710494881004639,2.626
2.3802069992072785,2.342426250617005,2.417987747797552,6.205
3.4568904229783817,3.4262597740767555,3.487521071880008,4.746
0.9819591542560858,0.9445971696569391,1.0193211388552326,0.205
3.7883749140789056,3.739321013576938,3.837428814580873,3.152
1.8908466315472388,1.865021921225336,1.9166713418691415,2.25
2.5039358902970386,2.473137251434512,2.5347345291595653,0.137
1.1789307093347112,1.1400390867949153,1.2178223318745072,1.017
0.07173086432781056,0.01823752093995238,0.12522420771566875,0.842
4.297515219011472,4.246432992758367,4.348597445264577,4.744
1.9604092421530455,1.927385750972756,1.9934327333333348,0.623
1.2247909864667752,1.1900489188567893,1.259533054076761,0.137
1.7708673447042313,1.7418312738530248,1.7999034155554379,0.226
1.6540447807639738,1.6266482164821785,1.681441345045769,1.986
2.297901033687869,2.2618039727036985,2.3339980946720393,1.713
1.4913939375760852,1.44760711255372,1.5351807625984504,0.431
3.2025517575066362,3.14719798268021,3.2579055323330626,2.324
0.9600118217900604,0.9198316984975441,1.0001919450825767,1.298
1.3764807665503238,1.3408737349607645,1.4120877981398832,0.182
3.986915348424698,3.9454257281276126,4.028404968721784,3.859
1.6323176063420473,1.5998167666273018,1.6648184460567927,1.857
2.1194589817479983,2.087276525060854,2.1516414384351426,1.497
1.8821057397578131,1.8479303894623278,1.9162810900532985,3.802
2.705327287383222,2.6751555713630153,2.735499003403429,1.865
1.9452100763425597,1.9172780322463536,1.9731421204387658,4.722
0.9430394892958698,0.9006937833210886,0.9853851952706509,0.842
2.63348656092261,2.584837987129282,2.682135134715938,1.633
1.6238434258684122,1.5951972610910088,1.6524895906458157,0.712
1.1242527887471936,1.0878767599816468,1.1606288175127404,2.718
1.6593355107285048,1.6179281752331205,1.7007428462238892,1.637
1.417457195430575,1.3861165786168292,1.4487978122443208,1.441
2.1239132133614116,2.0861516267240203,2.161674799998803,0.201
1.5326679854908765,1.5033625855026242,1.5619733854791287,2.424
1.1465740251682526,1.110099065667608,1.1830489846688972,1.658
3.2324089617916423,3.188844026816541,3.2759738967667436,2.975
4.063356909879588,4.018742419368021,4.107971400391156,2.599
2.7585081092535697,2.7297072291982354,2.787308989308904,3.28
1.9957722158287092,1.9516661508561732,2.0398782808012452,0.849
2.0119159777371554,1.9852183793749585,2.0386135760993525,6.323
3.1932637856254766,3.1569863325858027,3.2295412386651505,2.378
2.100577797356126,2.0741745355350183,2.1269810591772336,0.648
1.4817378625231516,1.44725400781082,1.5162217172354833,1.844
2.497282596324186,2.467669456995623,2.5268957356527486,2.95
3.1059824075190385,3.0672112325579786,3.1447535824800985,3.643
2.260917365307577,2.2166448439720834,2.305189886643071,0.264
1.0919981476389127,1.0516080783431723,1.132388216934653,1.557
2.8443011384936168,2.810410526003045,2.8781917509841883,3.797
4.131880803898153,4.086051615291098,4.177709992505208,4.726
4.138133290894774,4.099425360140382,4.176841221649166,4.994
2.6322903313902337,2.608391498897799,2.6561891638826682,1.855
1.2935334512012482,1.2544727188591576,1.3325941835433388,2.6
4.0966946017430725,4.051965409287264,4.141423794198881,3.66
3.1970340093895495,3.165092367313159,3.22897565146594,4.81
4.060996101028445,4.0202417704065985,4.101750431650292,4.724
2.1017241331057077,2.0655439594712126,2.137904306740203,1.758
1.3183450530183851,1.2833177267485625,1.3533723792882077,0.559
1.6827639593816686,1.661660220951774,1.7038676978115632,0.881
0.4671994235029531,0.42056611008008477,0.5138327369258215,1.164
4.186412517497644,4.136322345067281,4.236502689928006,2.94
3.0214665120014694,2.9973283823947674,3.0456046416081715,4.057
1.8160451990641129,1.789207262182781,1.8428831359454447,1.351
1.3308113300073743,1.2948274552189398,1.3667952047958087,1.456
1.8253872085960203,1.785779135640379,1.8649952815516617,0.636
2.6348603310026255,2.6020935095899937,2.6676271524152573,3.871
3.4048938040521097,3.37336529205406,3.4364223160501592,4.617
1.7807178046953125,1.7606191036080778,1.8008165057825472,0.035
3.509478624388829,3.4625255886978668,3.5564316600797916,2.739
0.8682174470770836,0.8150617502616134,0.9213731438925538,0.744
3.9625086811008408,3.9223382342222397,4.002679127979442,4.863
1.2281339413943893,1.1906275380604174,1.265640344728361,0.961
2.8637772105878354,2.802518694408426,2.925035726767245,1.142
1.4088150169766989,1.376192848863312,1.4414371850900858,1.359
2.0181599675896154,1.9978494558578652,2.0384704793213655,1.596
1.4487589774905258,1.4124144693613627,1.485103485619689,3.643
2.3757417719967817,2.3324672884989934,2.41901625549457,1.818
2.6729581140387846,2.6487243390470825,2.6971918890304867,2.491
1.4595193632297014,1.435571985751787,1.4834667407076159,1.996
0.33395101192996435,0.28966919771545335,0.37823282614447534,0.951
1.0178252213698011,0.9806405954247521,1.0550098473148501,1.821
4.0872014189633665,4.045891102647197,4.128511735279536,3.407
1.7305142830971119,1.6991489014441734,1.7618796647500503,2.682
2.7366956028904563,2.6967644698597306,2.776626735921182,3.471
1.3218085092828853,1.2740185063590759,1.3695985122066947,2.083
4.123436888385527,4.081026736592019,4.165847040179035,3.277
2.5911237728989516,2.550561889048049,2.631685656749854,3.415
1.8057577100223223,1.7790218555299921,1.8324935645146525,1.48
0.798286636646251,0.7516307311502861,0.8449425421422159,0.542
2.0131680828326046,1.9801779648412858,2.0461582008239234,0.148
1.451846171486419,1.4160429210508934,1.4876494219219447,1.334
0.7026451877728683,0.655505491004313,0.7497848845414237,0.103
3.202517417145292,3.171859943303605,3.233174890986979,2.587
2.9844214730811816,2.951545777053962,3.017297169108401,4.267
1.1445316196337612,1.110677271331009,1.1783859679365134,1.752
1.6839196931933462,1.6506249538826854,1.717214432504007,2.006
2.4448641290851234,2.4127307912852842,2.4769974668849626,2.934
1.6993965664983863,1.6692713130001446,1.729521819996628,0.666
2.843036985721422,2.8212337705008586,2.8648402009419853,4.067
3.8513916395660046,3.804827672998162,3.897955606133847,3.047
1.744264858129069,1.7128611276877377,1.7756685885704002,3.688
0.952017351957695,0.8968416695078918,1.0071930344074982,0.717
0.5733685008366024,0.5231289933286878,0.623608008344517,0.843
2.0203903329055337,1.9919805518277152,2.0488001139833525,3.325
4.151016702910371,4.100842194579693,4.201191211241049,4.654
1.4001969117810538,1.3573492240765388,1.4430445994855687,1.716
1.1945260886737392,1.159668842135453,1.2293833352120254,1.925
3.7269954334782924,3.687557960771126,3.7664329061854587,2.829
2.7190535606127675,2.6850954370667055,2.7530116841588295,1.921
3.2952742986745642,3.255550947858163,3.3349976494909654,2.789
3.5654381212896276,3.5169728501866198,3.6139033923926354,5.16
2.1988826994208766,2.171140448473485,2.2266249503682682,0.739
1.541599515572289,1.5057210217483727,1.5774780093962053,0.18
2.4446346231017055,2.4189084282850244,2.4703608179183867,2.353
2.043344896130096,2.024006726457242,2.0626830658029505,2.329
3.818227301973911,3.779390883395008,3.857063720552814,3.675
1.7888662089028367,1.762407552686759,1.8153248651189142,0.571
2.6920657497701663,2.652947620881643,2.7311838786586895,2.62
3.77418547766604,3.7360992304108054,3.812271724921275,3.881
2.3104751726356056,2.2681727762577566,2.3527775690134547,1.779
3.817998149549898,3.7754645941598413,3.860531704939955,4.859
0.0844561627341183,0.03231395374534789,0.1365983717228887,0.37
2.3959819423708137,2.3761364554623006,2.415827429279327,1.589
2.046002189634026,2.018941260454792,2.07306311881326,3.791
3.1176974764296452,3.0851480834225264,3.150246869436764,3.251
2.57439005453184,2.534534167813907,2.614245941249773,5.981
3.627243520258595,3.596932824190785,3.6575542163264045,2.649
2.2748802101741004,2.2358528375016014,2.3139075828465994,1.623
2.6376070136120924,2.6096590748275106,2.665554952396674,0.976
0.8170540469119496,0.7742382794175997,0.8598698144062995,1.767
3.1022938378775664,3.0686727913334666,3.135914884421666,4.445
1.8711344636766378,1.8373461938611897,1.904922733492086,1.424
2.0367155555868544,2.0008335867530986,2.07259752442061,4.43
2.1885839024280456,2.148230643171599,2.228937161684492,4.527
3.710325354414682,3.6578038442027947,3.7628468646265696,4.184
2.485931817801844,2.460059406215108,2.51180422938858,1.64
4.171784311386292,4.119773949062834,4.223794673709749,4.419
2.005062234795025,1.9715609890541872,2.0385634805358626,3.045
3.4591942158296978,3.4231593514991037,3.495229080160292,2.252
1.9826497487920332,1.9525381795710886,2.012761318012978,1.509
1.7768205731481652,1.740898164946082,1.8127429813502485,1.334
1.8262582540237766,1.6291880534118555,2.0233284546356978,1.678
1.9800061601373007,1.9394533372886722,2.0205589829859294,2.478
2.899977737710709,2.8708644642542223,2.929091011167196,3.68
1.2318493031515785,1.1906585208111071,1.2730400854920498,0.802
2.5298501708128995,2.4988750096883243,2.5608253319374747,1.503
2.635846955431643,2.606411611335622,2.665282299527664,5.331
4.16249013082041,4.107357103096703,4.217623158544116,4.518
1.3841251348718306,1.3435154576429051,1.4247348121007561,1.049
1.0166710724869885,0.9800763783875425,1.0532657665864344,0.188
2.7291058695724555,2.698281969882109,2.759929769262802,4.539
1.3169073488445353,1.2668972882272986,1.366917409461772,2.197
1.7018480968256056,1.6802460154182723,1.7234501782329388,3.89
2.340120217067827,2.31490942852251,2.365331005613144,0.826
1.8321114035859627,1.7959234005389864,1.868299406632939,3.725
2.188926852539246,2.157914414967797,2.2199392901106947,0.792
3.6489789030416104,3.6006760345205517,3.697281771562669,4.11
1.86712451915441,1.8460416618159086,1.8882073764929113,5.452
1.6676360714515934,1.6380012181008854,1.6972709248023015,1.758
2.3020457816006465,2.2702451534266537,2.3338464097746394,0.693
1.6124466038255718,1.5648733414419678,1.6600198662091759,1.672
3.581753417931544,3.5349987761986372,3.628508059664451,3.82
2.2049313200606067,2.1768135149525887,2.2330491251686246,2.77
1.6129907944971267,1.579190228836274,1.6467913601579793,4.05
1.725229018592422,1.6916995030755857,1.7587585341092582,5.148
1.1403051448917911,1.1004863101308413,1.180123979652741,0.123
3.4881162919231032,3.4390445407643155,3.537188043081891,3.487
2.7193525431647934,2.6828512779510523,2.7558538083785344,2.671
2.0656005827869013,2.032607569924803,2.0985935956489996,1.505
3.305886290549036,3.26691510062182,3.3448574804762523,4.136
1.2208687260157574,1.1783912551963034,1.2633461968352113,1.762
2.310921609668492,2.2890549356049172,2.332788283732067,2.142
3.1670058940046886,3.139014464806098,3.194997323203279,4.114
2.220731424590747,2.186548484984648,2.2549143641968454,0.974
2.164539546065704,2.132426363106962,2.1966527290244464,0.618
1.6934369676155612,1.6643340551106756,1.7225398801204468,2.009
2.0994552351548066,2.0647066981514772,2.134203772158136,1.741
1.9508465957058212,1.9180474653712316,1.9836457260404108,4.563
1.3239271794347045,1.2942533257305835,1.3536010331388255,0.642
1.563961338508332,1.5244235115297369,1.603499165486927,3.972
3.192821479430858,3.1525104062298728,3.2331325526318433,2.336
3.5359286890978208,3.4900557572320805,3.581801620963561,3.448
1.4524790376744354,1.4135073636128836,1.4914507117359872,1.956
1.6780454231421542,1.6525795974851434,1.703511248799165,2.047
1.8160451990641129,1.789207262182781,1.8428831359454447,1.852
1.305463319613773,1.2532791437508375,1.3576474954767086,1.372
3.565750200163922,3.520337765401056,3.611162634926788,2.638
1.3915736114667474,1.3527353920840495,1.4304118308494453,0.18
1.5955096581227786,1.5604252657140714,1.6305940505314858,0.485
2.3200594311708933,2.2790454548854586,2.361073407456328,0.282
1.1427216299345824,1.0915946679794428,1.193848591889722,0.089
2.6008313462920416,2.5740893749569795,2.6275733176271037,2.294
2.5053387827886975,2.486334203324897,2.524343362252498,5.524
3.7253940851245253,3.680069311163235,3.7707188590858154,6.246
1.36850779098121,1.3212655942056553,1.4157499877567647,0.21
2.432766616981737,2.4048127194696343,2.4607205144938393,2.672
3.0683169453153356,3.034549947730056,3.1020839429006153,6.26
1.205895607852726,1.1653171053921207,1.2464741103133314,0.018
1.9826812028624974,1.9543190917491247,2.01104331397587,0.627
1.923546125489515,1.8773496720371041,1.9697425789419258,2.223
2.264581379967144,2.247192793630371,2.2819699663039175,2.867
3.9586549843766052,3.9128100980524843,4.004499870700727,5.132
1.655818499124421,1.6107967364323106,1.7008402618165313,1.122
2.5727773156102307,2.5398516821654704,2.605702949054991,0.066
0.46987526501951293,0.4214214887217056,0.5183290413173203,0.01
0.415064493318942,0.3618409624008922,0.46828802423699184,0.712
1.622838414342156,1.5794375403957892,1.6662392882885226,0.819
3.3305573172069534,3.3011435979969432,3.3599710364169635,2.859
1.8159539595406824,1.7763473941081818,1.855560524973183,2.574
3.4820683921815396,3.449398450328215,3.514738334034864,3.955
3.4573839392029604,3.41526850809547,3.499499370310451,2.527
1.6654973227992693,1.634945958957595,1.6960486866409437,1.901
2.1388946320821516,2.111135187195669,2.166654076968634,4.154
2.127442048101562,2.092839181938313,2.1620449142648113,0.193
1.7159706978301863,1.6813120181058678,1.7506293775545048,0.515
2.00635179319599,1.9753119666743104,2.03739161971767,2.917
3.8357370400818134,3.7924749167252116,3.878999163438415,2.767
3.3851889757784224,3.3457883662647165,3.424589585292128,2.503
0.9299931280283096,0.8818000968812685,0.9781861591753507,0.106
0.7954516897983099,0.7481719488241073,0.8427314307725126,0.01
2.3503509603224226,2.3250538904235394,2.375648030221306,3.134
4.114287514689664,4.066778145465721,4.161796883913608,4.29
2.9290563561254714,2.900622373756683,2.9574903384942597,2.585
3.952477793727428,3.903229784073227,4.001725803381629,4.637
3.7853351602966554,3.587458951793275,3.9832113688000357,3.835
1.645933048576615,1.611661692667681,1.680204404485549,0.605
1.7920122930356295,1.7525440887726857,1.8314804972985732,1.646
2.587539777901895,2.542038109861922,2.633041445941868,5.333
2.0919112690995445,2.0538117635495117,2.1300107746495773,6.558
1.9798307998477822,1.9379221959213182,2.021739403774246,0.819
1.7823329928533287,1.7472069932837806,1.8174589924228768,0.452
2.000492570876169,1.9670634009182544,2.0339217408340833,3.346
0.6956683225081478,0.6483814193708305,0.7429552256454651,0.856
1.728345287591217,1.6927688556126874,1.7639217195697467,0.819
1.6016976876531839,1.5695790105160812,1.6338163647902866,0.649
1.4036866534108274,1.3750851955859411,1.4322881112357138,2.046
3.545250052550644,3.498163918263951,3.592336186837337,2.936
4.121439134096556,4.072838697652168,4.170039570540943,2.469
1.4617047881017629,1.4188002432769042,1.5046093329266215,1.0
0.9476397124222544,0.9044297863814771,0.9908496384630318,1.415
1.7750059010526522,1.7543340974016595,1.795677704703645,0.528
2.006691032274479,1.976599211784799,2.0367828527641594,3.549
2.6008828606171526,2.5575345796331006,2.6442311416012045,1.361
2.9216301835219367,2.878586395260849,2.9646739717830246,2.659
1.7501883494508803,1.7112049187735248,1.7891717801282359,2.373
3.815076119581615,3.7789328675987046,3.8512193715645258,4.527
1.597723179453578,1.5637658660822755,1.6316804928248805,1.488
3.752485210741689,3.712623100971396,3.792347320511982,4.316
2.3693902354826704,2.345347679797655,2.393432791167686,4.047
3.417862323941089,3.381447908359287,3.454276739522891,4.142
1.0678021962292812,1.0191922276374918,1.1164121648210705,0.124
2.980987186093255,2.9480323210442414,3.0139420511422683,2.749
1.2960022751923035,1.253365853827168,1.338638696557439,0.136
1.3053312128412222,1.26269818774992,1.3479642379325245,2.008
3.9727774238841165,3.9233183168834276,4.022236530884806,4.17
1.4681021832167107,1.4402538949480974,1.495950471485324,2.135
1.7908065156009558,1.75140373289332,1.8302092983085916,3.888
1.786261291687538,1.758123922751633,1.814398660623443,0.049
2.1409875396495246,2.1121514188759383,2.169823660423111,1.726
2.7515772276049097,2.731735252955948,2.7714192022538713,2.316
4.1342992767033415,4.085013772144793,4.18358478126189,3.869
2.8707209660120196,2.826633421067379,2.9148085109566604,2.649
1.5465175403344822,1.511995078605961,1.5810400020630033,0.018
2.0266186919162203,1.99561614705101,2.0576212367814306,1.64
2.3423359116343727,2.308637798133323,2.3760340251354224,2.492
0.4755691724647071,0.4234378595058707,0.5277004854235434,0.01
3.1132831050882785,3.086804965634404,3.139761244542153,4.393
3.3337344517181546,3.3011291507872103,3.366339752649099,2.621
4.166387908729145,4.119409048900063,4.213366768558227,3.851
2.0261286521350437,1.9870880810247036,2.0651692232453835,2.182
2.05063252614443,2.024976741963344,2.076288310325516,1.608
2.1987994968216396,2.1739537984873407,2.2236451951559384,0.081
3.159582151800151,3.129010072994576,3.1901542306057262,2.277
3.2389483981728713,3.207397347031914,3.2704994493138284,4.549
2.1151003957570995,2.0738772258647624,2.1563235656494366,2.318
2.764387206631532,2.733365169921594,2.79540924334147,1.882
1.329599626487501,1.290990605257028,1.368208647717974,0.942
1.8851681940284277,1.8440480534322878,1.9262883346245676,0.906
1.8311384393566863,1.8014675431679947,1.8608093355453779,1.009
2.5679496759938796,2.5373133348818153,2.598586017105944,3.565
2.8783258468538153,2.850964540300003,2.905687153407628,2.338
4.002191239329576,3.961882180878614,4.042500297780538,3.339
1.0577251369041312,1.0277097391840215,1.0877405346242408,1.65
2.1251884449390426,2.0987726780579483,2.151604211820137,5.44
1.6893939788975263,1.6491692004544198,1.7296187573406328,1.9
1.4536834646410033,1.4203321534615563,1.4870347758204503,1.007
2.3340308773020846,2.3050299286534055,2.3630318259507637,2.001
2.2260599298201225,2.1997044271276067,2.252415432512638,4.587
3.302725880184461,3.268336385753239,3.337115374615683,4.219
2.5641374818191234,2.499826622537128,2.6284483411011186,2.504
1.6724246358079076,1.631536730247208,1.7133125413686072,0.01
1.8820238692621456,1.8388802754732025,1.9251674630510887,2.982
3.737236245441823,3.684843928350787,3.7896285625328594,3.325
3.8086692119009795,3.7662635156343924,3.8510749081675666,2.43
1.9921577215384338,1.9583483079613688,2.025967135115499,0.205
3.408614043258846,3.3631322144456943,3.4540958720719974,3.973
2.0101615594443203,1.9712620334420188,2.049061085446622,1.94
1.9432192031120674,1.9142689950324225,1.9721694111917123,0.211
2.167080644244445,2.134802540926737,2.1993587475621528,4.286
3.306524757290365,3.259873290397728,3.3531762241830023,1.982
1.1434573296562345,1.0982597319989478,1.1886549273135212,2.566
1.9247506799991836,1.904003371729535,1.9454979882688321,1.271
1.5411925951721241,1.5098838395902372,1.572501350754011,1.572
2.3173374645773985,2.2849181398580036,2.3497567892967934,0.193
2.7498411364950046,2.71387055411591,2.785811718874099,4.602
2.544790502663475,2.5118673099174487,2.5777136954095017,3.751
3.971827513420557,3.92662182271557,4.0170332041255445,5.544
3.3205604758099434,3.287915793389696,3.3532051582301907,4.718
2.2111842343102968,2.1791998428837487,2.243168625736845,4.092
2.162410411108698,2.136030206713299,2.1887906155040975,0.509
3.472604027498583,3.43114785516864,3.514060199828526,5.178
2.4940476882749816,2.4691224492651105,2.5189729272848527,0.163
1.275595993146217,1.2374936028525032,1.313698383439931,1.756
2.013571484577104,1.9720600010351468,2.0550829681190614,2.163
3.3698100766649075,3.3344545549163422,3.4051655984134728,4.613
4.07882815175134,4.038809730033272,4.118846573469408,4.982
1.5900425419355666,1.560659620267449,1.6194254636036842,1.788
1.3827463574452739,1.3435433816985594,1.4219493331919884,0.706
2.1140169177587005,2.0770451166017123,2.1509887189156887,2.634
2.9865923835340777,2.9526087562230927,3.0205760108450628,5.803
0.7141761728577147,0.671426804363427,0.7569255413520024,0.022
1.42467058060532,1.3897324176869803,1.4596087435236595,0.63
0.7309740083729852,0.6897157140754077,0.7722323026705628,1.112
0.961134323800228,0.9193009454970206,1.0029677021034356,0.12
2.5226677028715945,2.4986652246501335,2.5466701810930554,1.554
0.9836192827096656,0.9455558536268327,1.0216827117924985,0.54
2.781896284012678,2.752818887007054,2.810973681018302,4.191
2.3240322033177767,2.3032863887606276,2.344778017874926,2.396
2.0494935891760995,2.0195459037959047,2.0794412745562942,2.242
2.3145357593225007,2.2878619730849077,2.3412095455600936,0.06
1.5537305818797749,1.5186759576487574,1.5887852061107923,3.132
1.8879465202428198,1.8644401309442986,1.911452909541341,0.256
2.041635987788455,2.0148654855492065,2.0684064900277033,4.505
1.8804634013255563,1.846734421220864,1.9141923814302486,0.556
1.9235795810918588,1.8809415037817123,1.9662176584020052,3.247
2.4288967608567416,2.3942416935552826,2.4635518281582005,2.431
3.5372341952895705,3.496895912907917,3.577572477671224,2.143
3.03468324753186,2.984299655194414,3.0850668398693064,2.731
2.1847615452904274,2.1527932253479265,2.2167298652329284,0.177
1.3998530900532222,1.3603448594121512,1.4393613206942932,1.252
2.186192745860672,2.160309109205876,2.212076382515468,1.807
3.2451202872684757,3.2011162579765693,3.289124316560382,4.696
2.997470090664291,2.969360672341746,3.0255795089868363,2.305
1.5702686731409308,1.5312526154012605,1.609284730880601,0.713
1.8365824600801135,1.8067359510204477,1.8664289691397793,0.618
2.2097527263057297,2.1874813921923164,2.232024060419143,3.91
2.2047701614506474,2.172434378643244,2.237105944258051,2.298
3.310990898654339,3.275647117705469,3.3463346796032085,2.652
2.211979609586248,2.174615754594159,2.2493434645783372,0.633
2.699614781941042,2.6579756506237846,2.7412539132582996,3.108
2.761205616737246,2.73788075427613,2.784530479198362,0.849
1.853648445129139,1.8195653358834136,1.8877315543748645,0.153
2.895853173277467,2.865921795755258,2.925784550799676,2.06
3.7662228880317157,3.732004332621351,3.8004414434420806,3.406
1.1912033821980268,1.1434295870776705,1.238977177318383,1.518
1.692092897030587,1.6710911367891734,1.7130946572720007,1.389
0.037811474489526,-0.01479012174298805,0.09041307072204005,0.881
1.7759443653621434,1.7454896462394278,1.806399084484859,4.76
1.5720752931759467,1.5410794090993378,1.6030711772525557,1.763
1.9564089841415326,1.9262302001956166,1.9865877680874486,4.889
2.579895524074108,2.546338613586847,2.613452434561369,1.052
2.9264948175709145,2.8966651503921725,2.9563244847496564,3.75
2.4260168424081257,2.3848164880521403,2.467217196764111,1.799
1.7214150077420767,1.686751409424955,1.7560786060591984,1.823
2.326666402226317,2.2942751776739194,2.3590576267787147,3.273
0.8466973994976466,0.8053078530608795,0.8880869459344136,0.14
2.0825960287138927,2.04070584935789,2.1244862080698956,1.884
2.0931282454253717,2.065377607573268,2.1208788832774754,0.809
2.4435937127818264,2.384777035162196,2.5024103904014567,1.284
2.6278877234090445,2.5978359620527334,2.6579394847653557,3.944
2.3294878265057353,2.301713764675346,2.3572618883361245,2.023
2.426132063675401,2.4023679740792403,2.4498961532715615,2.455
2.7060001931429554,2.6814299340090377,2.730570452276873,2.636
3.9110070026894634,3.8711498491659344,3.9508641562129925,4.675
1.5254015213554493,1.488872358188572,1.5619306845223264,3.756
1.412097967560278,1.3682907709127645,1.4559051642077916,0.551
1.308885515513906,1.2747451537718166,1.3430258772559955,2.362
1.071138224905148,1.0252335511728663,1.1170428986374297,2.245
4.394781454621629,4.340057152996039,4.44950575624722,5.534
3.696951112537971,3.659925097584567,3.7339771274913747,3.073
1.66444020132206,1.6317452344005359,1.6971351682435842,2.312
1.472521923631636,1.425325437031464,1.519718410231808,0.784
0.40277602598442785,0.3532524564263164,0.4522995955425393,0.404
2.230812465171111,2.197367370876501,2.2642575594657215,0.539
2.329998485675683,2.2925633868609125,2.3674335844904535,3.484
1.703552176991826,1.6743199736497718,1.7327843803338803,1.704
1.7955069591084292,1.7624859812260443,1.828527936990814,0.81
3.0062247116037732,2.9685225063636818,3.0439269168438647,4.309
1.4041316927052885,1.369659767613193,1.438603617797384,2.19
4.138963745527801,4.089614300496624,4.188313190558977,4.848
0.6050605755462451,0.5483023829298765,0.6618187681626138,0.946
3.19016491188315,3.151017179279892,3.229312644486408,2.297
4.117095163407226,4.0783999217807265,4.155790405033726,6.367
2.1956172192531853,2.159727853992098,2.2315065845142725,2.669
2.3921142774505793,2.3600176198317215,2.424210935069437,0.257
2.1690982191308237,2.1329197216527693,2.205276716608878,1.904
3.7183584958150293,3.6748806722172014,3.7618363194128572,2.117
2.7502507078568947,2.7092622888642843,2.791239126849505,3.38
1.8960811313824752,1.8571620723901725,1.935000190374778,2.375
1.304086956482582,1.2702209185565554,1.3379529944086088,1.776
2.498653868643385,2.4604507179116797,2.53685701937509,2.551
2.8158601223840924,2.777244390033698,2.854475854734487,4.175
1.2105894151751817,1.1648405174009462,1.2563383129494172,1.44
2.1647430680434256,2.1317949845907407,2.1976911514961106,4.56
1.3918982118112035,1.3652254845782958,1.4185709390441112,1.574
2.9926858618624417,2.96193291782168,3.0234388059032034,4.264
2.0479523123344623,2.017947888497285,2.0779567361716396,0.915
1.2499363437753788,1.2106215991520755,1.289251088398682,0.26
2.741076860191753,2.7176585644214675,2.7644951559620385,2.688
1.2574181304703953,1.2194721292099837,1.295364131730807,0.686
3.7371460111429977,3.687758208816562,3.7865338134694335,1.935
2.2269116187105653,2.1982652619626792,2.2555579754584514,3.805
4.02792841804962,3.9856057937212372,4.070251042378002,6.353
2.665886540254743,2.637819130072661,2.6939539504368253,0.203
2.9384322281641935,2.9020152215165527,2.9748492348118343,1.94
2.0039747059641178,1.981080026857002,2.0268693850712336,2.268
2.34672616877903,2.315704575126908,2.3777477624311523,3.041
1.965701364540848,1.936706531890772,1.9946961971909243,1.337
2.6677444035437157,2.6342304836000126,2.701258323487419,1.99
1.89578388429162,1.873438576458596,1.918129192124644,3.897
1.216653726304024,1.1753211314080885,1.2579863211999596,1.401
2.0899630122104043,2.0655515262168382,2.1143744982039703,0.505
3.091107198308196,3.066863049288195,3.1153513473281973,4.857
1.7586313233641904,1.7287494638801262,1.7885131828482546,0.615
0.9701362834295908,0.9188986212949817,1.0213739455642,1.112
1.7795833232386151,1.7507474631515043,1.808419183325726,1.304
2.778871548073604,2.739550850612571,2.818192245534637,0.763
1.693137552475568,1.6580580523307842,1.728217052620352,1.985
2.115496200021334,2.0832364220772432,2.1477559779654247,2.86
1.7215806034892607,1.6908612069038071,1.7523000000747142,0.01
1.8579885065300004,1.8297332837123264,1.8862437293476744,0.809
2.1160115256026617,2.080431588913089,2.1515914622922345,1.859
1.7572830134923558,1.7337584774218107,1.780807549562901,3.804
1.5177504363447354,1.4775064982798998,1.557994374409571,0.143
2.2924971258145583,2.251512684202964,2.3334815674261526,0.159
1.6145886783313799,1.5788030719648491,1.6503742846979106,4.647
2.078951738384129,2.0524146284277807,2.1054888483404772,1.68
1.6265190435742665,1.5901941674580053,1.6628439196905276,3.132
2.6874762699873775,2.6456074680757813,2.729345071898974,1.914
1.7691405782396017,1.7344588146064366,1.8038223418727668,1.681
1.1959905211839157,1.166641921669861,1.2253391206979705,1.481
2.7308103170675637,2.693022291476801,2.7685983426583265,4.641
2.431986325938746,2.393632069860579,2.470340582016913,4.157
3.8545858569698455,3.8126650510468174,3.8965066628928735,2.506
1.9078426292893929,1.8785228172187853,1.9371624413600004,4.564
2.4125429225240915,2.3761388268039627,2.4489470182442203,0.238
1.0084844884739146,0.9720640000031354,1.0449049769446936,0.159
3.2762062970901185,3.2345146571383956,3.3178979370418413,4.575
3.246914565971778,3.210348169256869,3.283480962686687,2.341
2.443308777849929,2.4191979729464625,2.4674195827533953,0.674
1.5488856021877886,1.5172277405309418,1.5805434638446354,3.702
4.195826472077368,4.147382067287263,4.244270876867472,5.503
3.617685550024155,3.5792671070721274,3.6561039929761825,4.115
2.6868110308320725,2.6608875012150723,2.7127345604490727,4.956
0.6951260706017055,0.6517049945893006,0.7385471466141104,1.169
3.668046178402863,3.626870853759416,3.7092215030463103,2.369
1.4120898268279796,1.3761835634678856,1.4479960901880735,1.585
1.6561124441996473,1.6208885918998759,1.6913362964994187,0.812
1.9326531978544073,1.8879244582542367,1.9773819374545778,0.877
2.6237750546701664,2.5832387177486247,2.664311391591708,2.477
2.3111512902082336,2.2800017566300266,2.3423008237864407,2.021
1.8012575279971008,1.7646381167571612,1.8378769392370404,1.808
2.2296124473142505,2.201022707718805,2.258202186909696,2.467
0.8934814559515355,0.8571492752060462,0.9298136366970248,1.282
3.9624776072899666,3.9141506852582357,4.010804529321698,2.664
2.012684349396219,1.9832150733204512,2.042153625471987,0.248
2.23179400929977,2.198091482784684,2.265496535814856,0.786
2.9657165261874567,2.9320261624856934,2.99940688988922,4.566
3.066290625636235,3.0326763526548612,3.0999048986176083,4.639
1.9082288930790958,1.8708664812527918,1.9455913049053999,4.129
2.2723191064585437,2.233992085680218,2.3106461272368697,0.648
2.5920970693322203,2.553518221672112,2.6306759169923284,3.185
3.647301082418746,3.6010362028547194,3.693565961982773,3.453
0.5881812597149785,0.5362361932023241,0.6401263262276329,1.256
0.1997995225719111,0.15203105573032633,0.2475679894134959,1.056
1.0472617177985153,1.0107999281596898,1.0837235074373408,1.447
2.1244157143029208,2.0999781792156513,2.14885324939019,1.718
2.497720056827498,2.461499699392954,2.533940414262042,0.849
2.426350017336809,2.381503513862173,2.471196520811445,1.073
2.6898434783117455,2.6683287049761732,2.711358251647318,3.075
1.2947338810660691,1.2571617369179575,1.3323060252141807,1.806
1.8358975933965516,1.8083734534392757,1.8634217333538274,4.197
1.4113957289142902,1.3690185645565802,1.4537728932720002,0.081
1.9579676200247633,1.9392679563722857,1.976667283677241,1.567
1.6432573085241389,1.6042036831987077,1.68231093384957,1.957
0.9498766956872035,0.9177021966029522,0.9820511947714547,1.337
2.0371812098035824,2.005987915844686,2.0683745037624788,0.64
3.040318254781653,3.0014555892062464,3.07918092035706,1.864
2.7508432820434185,2.7198542785744797,2.7818322855123574,4.879
1.1462538343290234,1.1139778358790489,1.178529832778998,1.547
1.7729638650625203,1.7158933457166574,1.8300343844083833,1.078
1.7556304134401775,1.7213033602405,1.789957466639855,4.468
1.504334433101621,1.4799965522986627,1.5286723139045795,1.423
2.8319457705114806,2.796272701251049,2.8676188397719122,4.198
3.3413265046622826,3.3039441187577325,3.3787088905668328,2.344
1.9891363581892245,1.9475360237756945,2.0307366926027544,0.064
2.0906530509954253,2.061704998197885,2.1196011037929656,0.101
1.0871287871159523,1.0574658609844365,1.116791713247468,1.295
2.629281369405723,2.590596765095007,2.667965973716439,0.06
2.2879552511969616,2.262702045054767,2.3132084573391563,1.733
2.01196596157439,1.9736166757796278,2.0503152473691517,1.98
2.408656048864471,2.3769971126573046,2.440314985071637,0.999
0.48451680650894796,0.4309159009727145,0.5381177120451814,0.84
1.9765958183916297,1.9378356376401393,2.01535599914312,1.396
2.120547416554898,2.0828676795993406,2.158227153510455,2.774
1.975783474845308,1.9389358097359193,2.012631139954697,4.75
2.1647430680434256,2.1317949845907407,2.1976911514961106,4.473
1.8359091592210728,1.7910321949557364,1.8807861234864092,0.24
2.5956875994044086,2.5552257379577608,2.6361494608510565,5.449
2.259310978994264,2.227789642018615,2.290832315969913,3.157
1.829101977866539,1.7965351650466297,1.8616687906864482,2.269
3.239316115898447,3.1940367028096808,3.284595528987213,2.783
4.009983579597619,3.9617917578668695,4.058175401328368,5.171
1.9460960400781682,1.908366653305615,1.9838254268507214,1.556
1.7614942711431103,1.7396854017114953,1.7833031405747253,4.428
4.277810965718443,4.223203236321749,4.332418695115137,4.134
1.8621197780092107,1.8237192933129471,1.9005202627054743,3.563
1.7549670067337497,1.7308754084667444,1.779058605000755,1.607
2.5159833768848676,2.4927008604334255,2.5392658933363097,2.734
3.18247463205075,3.145911184460838,3.219038079640662,3.533
2.42168554851235,2.376824041422613,2.4665470556020868,2.297
1.938446365716839,1.910536293221523,1.9663564382121548,0.659
2.118295092032159,2.061299330771692,2.1752908532926263,1.873
3.172331854321603,3.129136149389059,3.2155275592541472,4.594
3.8256906646745796,3.776302239260077,3.8750790900890824,3.199
1.2418754360432338,1.2110413465452095,1.2727095255412582,1.7
1.5800145118187003,1.5283897710091896,1.631639252628211,1.617
2.223327660323903,2.204900821773831,2.241754498873975,4.226
2.8124282189302336,2.78325790661165,2.8415985312488172,4.819
2.2110847993367364,2.1851909035075834,2.2369786951658894,0.835
3.2115523087376476,3.1691108527773197,3.2539937646979755,2.454
3.14047849272893,3.1073915709519393,3.1735654145059207,5.224
2.577093579753524,2.5405727684279746,2.6136143910790732,0.152
1.2458756394654655,1.2096313943052481,1.282119884625683,1.136
3.565090251941752,3.5263575510064142,3.6038229528770898,3.267
1.6397108863366343,1.605232514520266,1.6741892581530027,2.311
2.478029312867451,2.4437633790479283,2.5122952466869735,2.653
2.6981265659427778,2.666934859429355,2.7293182724562004,1.68
2.5915587092082326,2.5461648764195095,2.6369525419969557,1.694
1.8571813810816722,1.8158071594341445,1.8985556027291999,2.513
1.2601834253250126,1.2195048435787732,1.300862007071252,0.613
2.5917314412286445,2.570201250758307,2.613261631698982,2.259
2.924462025593319,2.9006240293239207,2.9483000218627176,3.386
3.1725141325469646,3.1379790369472476,3.2070492281466816,4.019
2.0687478975591804,2.041882642150872,2.095613152967489,2.523
1.9047759797898232,1.8581981642205094,1.9513537953591369,0.01
2.342061699954571,2.311060442619003,2.3730629572901387,3.4
1.2527908070541267,1.2092311976916241,1.2963504164166293,1.492
1.9082288930790958,1.8708664812527918,1.9455913049053999,0.047
3.4789346365980496,3.4356424205113343,3.522226852684765,3.389
0.6334990040779138,0.5898113237129625,0.6771866844428651,0.125
2.0673189116261614,2.0405407179414206,2.0940971053109023,0.131
1.6044088378108448,1.5800824040933827,1.6287352715283068,3.801
2.532665270501669,2.502156757214659,2.5631737837886788,4.224
2.0982290042949376,2.0731965593493116,2.1232614492405637,2.344
2.696785769484334,2.6597517284619068,2.733819810506761,5.031
1.2726248200674841,1.2355034969448362,1.309746143190132,0.158
1.7656515445970338,1.7318254941059652,1.7994775950881023,0.256
3.4228472309863682,3.3941580461544434,3.451536415818293,3.824
2.4934047116997067,2.465518322767002,2.5212911006324115,2.161
2.7056738706536794,2.676884784442399,2.73446295686496,4.479
4.2837672617172435,4.240922370510224,4.326612152924263,2.584
1.572391705610773,1.5162454637539209,1.6285379474676251,1.77
2.3739681494310654,2.3458692713171847,2.402067027544946,4.685
2.0243115362567004,1.9817871853139133,2.0668358871994874,2.284
3.3179672485857408,3.289793102120741,3.3461413950507404,5.203
1.8877491161357913,1.8572223845942486,1.918275847677334,0.756
3.0155156442704345,2.9749385158357065,3.0560927727051626,2.203
2.1195867294050696,2.091737007789644,2.147436451020495,1.704
3.449106046680715,3.4129406402066906,3.485271453154739,4.755
1.7322671161941117,1.6914511921714872,1.7730830402167361,1.499
2.160086490364073,2.1345336735672844,2.1856393071608617,3.165
4.2189227503162225,4.166642807163231,4.271202693469214,4.555
2.143365839561739,2.119365133122791,2.167366546000687,0.1
0.6046913424592244,0.5570254091208399,0.6523572757976089,0.74
1.8794673979486953,1.846677853979108,1.9122569419182827,2.088
3.689820851663874,3.6483943259993397,3.7312473773284087,2.481
1.1742100575128571,1.1299791975522384,1.2184409174734758,1.361
2.1278383761435675,2.0938366634913175,2.1618400887958176,0.803
3.500510926950771,3.4588195172733243,3.542202336628218,2.41
2.078470646375034,2.0457652168807026,2.111176075869366,0.942
2.4683302367569424,2.4236097224335693,2.5130507510803155,1.942
3.177178601371424,3.142587876893707,3.2117693258491404,2.791
3.6106904773952513,3.569937216152692,3.6514437386378105,3.732
2.1960584275478956,2.156174035119012,2.235942819976779,3.891
1.6533043630325375,1.6243406833437215,1.6822680427213534,2.386
0.6050605755462451,0.5483023829298765,0.6618187681626138,0.094
2.0381897450435607,2.0074824713620436,2.0688970187250777,0.479
2.522574092853605,2.490512134152784,2.554636051554426,0.145
1.9763723476621038,1.9479181079855954,2.004826587338612,0.816
3.0370565532952067,3.0018215469917533,3.07229155959866,2.61
2.4800617823040363,2.4577838160011334,2.502339748606939,0.01
2.6569170057826255,2.6334867153408594,2.6803472962243915,0.205
2.614175180666762,2.5715864108134348,2.656763950520089,2.173
1.2832348286361905,1.2472281843822697,1.3192414728901114,1.131
1.2875136113080283,1.249664026328262,1.3253631962877948,3.574
1.5806903766748381,1.544167991811344,1.6172127615383323,0.136
2.5774471815357676,2.5342759009559246,2.6206184621156106,3.102
1.247495575304584,1.2128869764281154,1.2821041741810526,0.147
2.0124587023115206,1.970892471852435,2.054024932770606,0.209
1.8278473327305251,1.7951817388749414,1.860512926586109,0.648
1.6020875585132552,1.5651053616307138,1.6390697553957967,1.982
2.0621534082440967,2.0082670643376908,2.1160397521505026,2.168
1.973005681943122,1.9405210015340935,2.005490362352151,3.895
1.9195252291232705,1.8834529915298432,1.9555974667166978,0.634
1.6933514826118867,1.6640032530842288,1.7226997121395446,2.006
2.1903118953622425,2.157330194952375,2.22329359577211,0.531
2.6838597095075656,2.651668973512441,2.7160504455026904,2.474
2.2236016147119035,2.179137098674344,2.268066130749463,0.9
2.2411043443467773,2.2048134267905564,2.2773952619029982,0.949
3.647699463462485,3.6093763335890103,3.68602259333596,5.822
2.1137271664269295,2.0744268442446594,2.1530274886091996,1.07
1.722029588415614,1.6849348927888395,1.7591242840423886,1.85
2.6521119379709623,2.6236617703682494,2.6805621055736752,3.398
1.754448552953271,1.7272123833732567,1.7816847225332852,2.407
2.975228491321874,2.943268982238618,3.0071880004051295,2.295
2.4714874643232116,2.436498168701705,2.5064767599447184,2.684
2.202242479209484,2.164824856855882,2.239660101563086,1.105
2.955408938019722,2.9244693857810553,2.986348490258389,4.463
1.50540803952135,1.4623785967624927,1.5484374822802074,1.557
0.7667367191722364,0.717981698033392,0.8154917403110808,2.264
3.3805880264288453,3.33931056114982,3.4218654917078704,4.993
1.8591346088256366,1.8255426012089597,1.8927266164423135,0.033
2.6718342476427375,2.6302736187218327,2.713394876563642,3.739
3.2712156903813363,3.221377750698741,3.3210536300639317,1.739
1.3213770132021303,1.2826341628932636,1.360119863510997,0.742
3.8581459165063063,3.8189091907224477,3.897382642290165,5.118
1.931698368282722,1.906047311868995,1.9573494246964491,4.271
3.299586492890841,3.2674880763726737,3.3316849094090086,4.384
1.8611194101819704,1.8307901514915874,1.8914486688723533,1.629
2.4388593604941615,2.411805633557163,2.46591308743116,0.247
1.864156721193416,1.83622601822121,1.892087424165622,0.011
4.167639443911866,4.114972011300285,4.220306876523447,4.487
1.659830843500124,1.616689501674778,1.7029721853254702,2.349
1.4270809780658407,1.3922614334401824,1.461900522691499,0.965
1.827565390415616,1.787356661519541,1.8677741193116908,2.269
2.0217974001648176,1.996621388674123,2.0469734116555123,0.606
3.3808560292953747,3.3451002059651356,3.4166118526256137,3.683
2.59644102490499,2.573995002660577,2.618887047149403,0.568
1.9932676197286094,1.9558309064144748,2.030704333042744,4.069
2.667517528337534,2.626049722903012,2.7089853337720555,4.505
1.8395267628829608,1.8003104462733193,1.8787430794926023,4.684
1.7416308109260665,1.6957171398250508,1.7875444820270823,0.01
2.0849314833962485,2.0542687551695824,2.1155942116229145,2.897
2.025046707872496,1.983953590710844,2.066139825034148,0.749
1.5138326957762938,1.4715720876391538,1.5560933039134337,0.572
2.0931946308780964,2.0514798290517664,2.1349094327044265,0.841
0.7735936680106822,0.7306854258170619,0.8165019102043025,0.897
2.9767873744482753,2.9379623985664063,3.0156123503301444,3.671
0.9764408106614506,0.9419711738290107,1.0109104474938904,1.402
3.3140976688667982,3.2723748279637346,3.355820509769862,3.708
2.412370974435581,2.379430203367431,2.4453117455037305,2.556
2.569282906977525,2.5299838860998385,2.6085819278552114,4.159
2.004806175751703,1.9720697089469796,2.037542642556426,0.764
0.6311788781280372,0.5887108025922436,0.6736469536638308,0.916
2.8597805332687796,2.8245095971392127,2.8950514693983465,2.616
2.445202720080845,2.420148747138961,2.4702566930227285,2.13
2.5574198896715252,2.527050447443927,2.5877893318991236,0.012
2.5210819488777556,2.4822570603562117,2.5599068373992995,0.842
2.953941101762863,2.9201904625377204,2.9876917409880055,2.467
0.8983041582237745,0.8543373370077222,0.9422709794398269,1.539
1.7417011933421174,1.706748790066695,1.7766535966175396,0.597
3.0867150081288437,3.059892277620064,3.1135377386376235,2.602
1.8863182697165044,1.855246900106005,1.9173896393270038,0.01
3.6120249161774707,3.5704237755546555,3.653626056800286,3.476
3.9223589025441776,3.8842593513283306,3.9604584537600247,3.814
1.5845960931374212,1.5352480497592746,1.6339441365155678,1.161
0.8115701476607454,0.768122942136369,0.8550173531851218,0.179
1.185547084044229,1.144644162357287,1.2264500057311711,1.588
2.502394512011062,2.4705361387144666,2.534252885307658,2.486
2.580758153695509,2.5480007003104497,2.6135156070805685,4.341
2.9233815332629596,2.8779593756960433,2.968803690829876,1.048
1.6327407868869548,1.5986517893464436,1.666829784427466,1.676
3.34969689091833,3.3189558519381155,3.3804379298985445,2.674
3.453494153430541,3.4160374717037336,3.490950835157348,2.97
2.2880474696600754,2.255836027852581,2.32025891146757,0.747
2.0528646328380984,2.022551992869382,2.083177272806815,0.486
2.8471099223229057,2.8033168245314917,2.8909030201143198,5.007
1.943970832378646,1.901010627576324,1.9869310371809679,1.753
1.455996738299766,1.4186552408629458,1.4933382357365863,1.844
1.8076242765542434,1.7759218966100334,1.8393266564984534,4.587
2.718725964937288,2.685388126636133,2.752063803238443,2.155
3.4103349856363,3.3787874620541922,3.4418825092184075,4.29
1.3384560704011152,1.3025279213859005,1.37438421941633,0.067
3.407301463956154,3.366727649755817,3.4478752781564905,2.181
1.5559441352357863,1.5206305575780177,1.591257712893555,0.669
2.5677826569533204,2.5327741735496123,2.6027911403570285,2.084
2.7460806409199696,2.7117916929836077,2.7803695888563316,1.877
1.7546920999777018,1.7063415669220223,1.8030426330333813,2.064
2.772654471172296,2.741588485129303,2.803720457215289,1.983
1.706636950498932,1.6620031027338606,1.7512707982640034,1.79
2.204342447243811,2.168576313124441,2.240108581363181,3.778
3.8391653935469012,3.800227138582318,3.8781036485114844,4.21
3.008534963981045,2.9554804735009945,3.061589454461095,2.149
1.9713140676707084,1.9505832571706128,1.992044878170804,0.139
1.7921254663493542,1.761308440816251,1.8229424918824575,1.543
1.9868805879745095,1.95619242826203,2.017568747686989,4.082
0.624677657905654,0.574700999047183,0.674654316764125,0.015
1.2395266013135944,1.1972719287642155,1.2817812738629732,1.821
1.6188782331043052,1.5964508698131525,1.641305596395458,1.352
2.5812361407896236,2.5563520791947365,2.6061202023845107,5.391
1.5604149163208274,1.5254334596192034,1.5953963730224514,1.278
2.933589726012975,2.873427657613068,2.993751794412882,1.589
3.9885819887879146,3.943216388636899,4.03394758893893,4.977
1.548373381640117,1.5174211478960125,1.5793256153842217,0.221
4.4747887071846915,4.420851468211975,4.528725946157408,5.537
1.988172019772702,1.9605046188222564,2.0158394207231476,3.717
2.925912926803805,2.8943247695988945,2.9575010840087157,3.824
4.132686596975941,4.084724770442708,4.180648423509174,2.679
2.4457115784118644,2.4216392610912063,2.4697838957325224,2.293
1.141011498529515,1.1080123244852367,1.1740106725737933,0.213
1.730453303071242,1.6957637686546232,1.7651428374878606,0.806
1.344388077508465,1.3107465062254804,1.3780296487914494,0.206
1.448759060975721,1.4116528359468636,1.4858652860045785,0.169
1.5093971556936912,1.4723123547335089,1.5464819566538734,2.255
1.7649183979653265,1.7243403722465551,1.8054964236840978,1.754
1.844199793627915,1.8095965889010857,1.8788029983547445,1.678
2.820653624242685,2.77768866285079,2.86361858563458,3.495
1.4028252129087548,1.366680417879489,1.4389700079380208,1.598
3.269432095087575,3.2288451777237652,3.3100190124513844,4.248
3.929369252317027,3.888062491674024,3.9706760129600305,4.166
1.8670881492336673,1.8264227224107998,1.9077535760565347,4.645
4.150158997011895,4.107532219796396,4.192785774227393,4.658
0.6581525675836019,0.6169407440680419,0.6993643910991618,1.172
3.2166741498625036,3.190022637740303,3.243325661984704,5.008
2.2954060102061886,2.262816565906818,2.3279954545055594,4.943
1.9389688060775596,1.8953332440578958,1.9826043680972234,0.033
2.146154009327283,2.115744496160095,2.176563522494471,1.32
2.1524499630648957,2.1143344446036285,2.190565481526163,3.76
1.239834961559375,1.194991385716768,1.2846785374019818,0.921
1.463282453110001,1.428218304726422,1.49834660149358,1.566
2.2987437151588894,2.259381516770153,2.3381059135476256,5.933
2.1485732395223542,2.125929996019143,2.1712164830255656,1.358
1.7546665066146792,1.7057307692412413,1.803602243988117,2.063
1.6611640955722127,1.6189996228381303,1.703328568306295,0.722
2.776021418216967,2.7233313175486775,2.8287115188852563,2.714
3.9164405873750674,3.881683460748482,3.951197714001653,4.334
2.2380721495737226,2.2129001856960278,2.2632441134514174,1.597
3.8221965139252263,3.7872226632259567,3.857170364624496,4.826
1.3932405462050341,1.3598511183320854,1.4266299740779829,1.83
2.465204083120224,2.427078021445941,2.503330144794507,0.187
3.1161264948964895,3.0755666168611664,3.1566863729318126,2.222
4.16256051323646,4.114702735858971,4.210418290613948,4.146
2.369596610388854,2.341429824133579,2.3977633966441294,0.764
2.2616095451647107,2.234349354583347,2.2888697357460743,0.599
2.7849698406694863,2.7556710005195404,2.814268680819432,4.136
1.5025672364324723,1.472455755566782,1.5326787172981624,2.152
3.1145433036358336,3.0839051035134744,3.145181503758193,4.634
2.2282942269885795,2.1997570151245323,2.2568314388526267,1.75
2.8954296435012368,2.869896509286106,2.9209627777163676,2.917
2.5865980577018592,2.5522052487813385,2.62099086662238,2.688
2.4520091803987922,2.413810990996247,2.4902073698013374,1.727
3.704550280399913,3.658046252576945,3.751054308222881,3.589
3.3447316981542223,3.3142474877879877,3.375215908520457,2.083
2.3060315386856343,2.262653523514021,2.3494095538572477,1.856
2.254824944336162,2.2338972592233914,2.2757526294489323,1.347
1.488081357055014,1.453125006902332,1.523037707207696,1.159
2.79266681129593,2.7497088002908296,2.8356248223010305,6.756
3.917589257728915,3.872576722998128,3.962601792459702,2.506
2.0983516112842096,2.065239628832462,2.131463593735957,4.068
1.3641842053484408,1.3215587394213557,1.4068096712755258,1.455
3.195667046664477,3.1487545692935486,3.2425795240354054,2.23
0.9529893552261762,0.9132229700006919,0.9927557404516606,1.57
3.829069526054993,3.7926727339543795,3.8654663181556064,2.486
2.101324971111071,2.0834736654201103,2.119176276802032,0.776
1.5675120234151612,1.535385788245819,1.5996382585845033,3.952
1.826955273569617,1.7853731361512366,1.8685374109879975,3.233
1.987240417545857,1.955685182496961,2.018795652594753,0.131
1.413020515502772,1.3778736336940678,1.4481673973114761,3.091
1.9890026489620516,1.9647162038255965,2.0132890940985066,2.207
3.7015784221650145,3.667194967798555,3.735961876531474,4.598
1.382209912386965,1.3328663578074729,1.431553466966457,1.99
2.47242222292502,2.435860518652978,2.5089839271970624,2.556
2.730294160541112,2.693306853135818,2.767281467946406,4.917
1.4644131452452709,1.4330741976300008,1.495752092860541,1.641
1.814330188096887,1.7591502058397195,1.8695101703540544,1.204
2.1857451352402806,2.146139740402811,2.2253505300777503,1.83
0.8170988310354704,0.7740960483353733,0.8601016137355676,0.118
1.7293545802112056,1.7044225361483878,1.7542866242740234,2.562
2.80210534382702,2.7567758152868236,2.847434872367216,1.98
2.415798114500226,2.375993084626491,2.4556031443739608,2.311
0.46086866787468267,0.4129128851161077,0.5088244506332577,0.077
1.207377367527578,1.1646656482079267,1.2500890868472294,0.556
3.4355938514534987,3.3927286884685155,3.478459014438482,3.231
1.1289172575716528,1.0925688343817788,1.165265680761527,1.647
1.3323631392928608,1.3058678322298192,1.3588584463559024,1.702
2.303588239560416,2.2709493586204443,2.3362271205003875,3.579
1.8066793494609488,1.7778462453022528,1.8355124536196448,2.047
2.2891415253886294,2.247493683985984,2.330789366791275,4.921
2.2952006141012666,2.2676207872656344,2.322780440936899,0.721
2.245393443967664,2.2018843100695236,2.2889025778658043,1.69
3.798764125232169,3.7597518419955547,3.837776408468783,3.22
1.8380816956896049,1.8120452459332448,1.864118145445965,0.251
2.3595824931684755,2.3171324385997685,2.4020325477371824,2.487
2.2796848354875854,2.2331990706271547,2.326170600348016,3.05
3.9441365471023233,3.891803649791999,3.9964694444126474,6.12
2.0283845789173207,1.994990566148932,2.061778591685709,1.751
1.6863422445182985,1.6457301263534938,1.7269543626831032,1.95
2.2802051971532022,2.2333701022843293,2.327040292022075,1.544
1.5220924235997506,1.4831554094549537,1.5610294377445475,0.323
1.2306704876653418,1.187879368749046,1.2734616065816375,1.685
2.121972764270603,2.0832378706167742,2.160707657924432,1.829
1.9599031348908855,1.912606239045937,2.007200030735834,1.72
1.477081583952344,1.4515912219493823,1.5025719459553055,1.549
2.9509659596099014,2.9193532472678765,2.9825786719519263,3.299
1.3929940817427773,1.3494383277340205,1.436549835751534,0.274
1.9772754027446766,1.9590625410466083,1.995488264442745,0.571
2.5952517003974966,2.5666583182517084,2.623845082543285,0.872
1.761667794378825,1.7208157259422492,1.8025198628154009,1.961
3.9819398704697835,3.93364544586004,4.030234295079527,3.191
1.8813108506522964,1.8533090837694441,1.9093126175351487,4.854
1.8015060223054702,1.7732594358780809,1.8297526087328595,3.67
4.303825677386588,4.253789509911387,4.35386184486179,5.011
1.7612784722144899,1.7238350890473806,1.7987218553815991,1.968
1.7509659446157182,1.7166016760965799,1.7853302131348565,0.629
0.9683235582964194,0.9267300160328313,1.0099171005600074,1.68
2.1135027275560683,2.083140885882251,2.1438645692298857,3.843
2.5987393339023126,2.5698968441466983,2.627581823657927,5.149
1.8956035759980625,1.8608798329857494,1.9303273190103756,2.393
2.3529883422863658,2.314766718756552,2.3912099658161794,4.28
2.878607463369867,2.849059590676717,2.9081553360630172,3.865
4.031401683782752,3.9810682718785064,4.081735095686997,2.211
3.617122647562252,3.5741679904879136,3.6600773046365904,5.196
1.3554630687885376,1.3172986308645234,1.3936275067125519,0.598
2.9869327470643663,2.9437778372301198,3.030087656898613,3.482
2.090790333910805,2.063789672495563,2.1177909953260468,2.241
2.5294744387370725,2.497598170607158,2.5613507068669867,4.072
2.801335939044382,2.7798414891109857,2.8228303889777786,2.336
2.070663607201552,2.0316781778376547,2.109649036565449,0.793
3.1248445993962974,3.0813273852588763,3.1683618135337186,2.358
1.8308363229937687,1.7886438260113962,1.8730288199761413,0.72
1.6440677779333883,1.607232587850613,1.6809029680161636,0.01
0.9333894887856989,0.8868605007730636,0.9799184767983343,1.17
2.7700439685202434,2.743815846038785,2.796272091001702,4.156
1.5472832780870105,1.4902250753660753,1.6043414808079457,1.517
1.5328243446730345,1.494356775516696,1.571291913829373,1.15
0.6687828738585925,0.619583534282971,0.717982213434214,1.66
4.413200702003162,4.363880113093241,4.462521290913083,3.535
3.090056273000269,3.054964698858947,3.125147847141591,5.153
1.4509003028036804,1.4178311482412054,1.4839694573661555,1.428
2.553249327842868,2.52835506343691,2.5781435922488263,2.442
1.1536857014193262,1.1120059920934025,1.19536541074525,0.131
0.4791169817405824,0.42828177651296423,0.5299521869682007,0.324
1.1902958146803881,1.1451469010219633,1.235444728338813,1.574
1.4274023403700915,1.3945792729837578,1.4602254077564252,1.302
1.60256780012271,1.564285261788231,1.6408503384571889,1.735
1.9693678777010772,1.9389037050920896,1.9998320503100648,1.721
2.529868148902928,2.4938584055375554,2.565877892268301,0.078
1.1577577062228983,1.1215875004184142,1.1939279120273825,1.282
1.3943156276549624,1.3497634268335343,1.4388678284763905,1.809
2.294688393553595,2.270257456868295,2.3191193302388946,2.586
2.961254679429599,2.9396489287929284,2.9828604300662698,2.627
1.4991651060387678,1.459603107139461,1.5387271049380746,2.051
2.5879114415263333,2.5492490042925433,2.6265738787601234,3.651
2.5256369426387906,2.489654426874206,2.561619458403375,0.598
4.0585408363646,4.0140531937978094,4.10302847893139,2.456
2.590876215851942,2.5506019616799587,2.631150470023925,5.095
1.5277636345496126,1.4925551325192483,1.562972136579977,1.978
3.2070684418419697,3.1759680266180434,3.238168857065896,5.203
3.0633408840638587,3.0346292225453806,3.092052545582337,2.295
1.4908441252529014,1.4521759103691605,1.5295123401366424,1.905
2.041073030747141,2.01203852853003,2.0701075329642524,1.536
1.9205678312896746,1.8884517273620827,1.9526839352172665,1.933
2.3853337047421745,2.3536736615871123,2.4169937478972368,1.666
3.4672802348056715,3.4258450439851384,3.5087154256262045,5.084
1.5333881372545262,1.4943111940368343,1.572465080472218,2.204
1.3633618861128125,1.336722793441695,1.39000097878393,0.857
1.9774882993520306,1.9479211991592396,2.0070553995448215,0.224
2.520609630280454,2.4919517025076363,2.5492675580532715,4.816
2.8161170639808164,2.7806903138778036,2.851543814083829,3.307
1.8484619903660238,1.814735523538785,1.8821884571932626,0.63
2.03268356303771,1.9979164964823437,2.067450629593076,4.956
2.2055211170893823,2.160906813758223,2.2501354204205417,2.428
0.6016432462973114,0.5493564760737311,0.6539300165208917,0.36
1.748617169919065,1.704300821364975,1.7929335184731547,6.185
2.057281249983381,2.0272872497379675,2.087275250228794,0.164
2.205184467721103,2.1873407779550496,2.223028157487157,4.282
3.28288251124046,3.24747903331099,3.31828598916993,4.34
3.484575689494692,3.449624768034581,3.519526610954803,4.166
2.5346388733722405,2.504956937514831,2.56432080922965,2.701
1.8271093452794083,1.798024137205927,1.8561945533528896,2.245
2.3106201360633154,2.2792775344281435,2.3419627376984873,3.374
2.3363402418009285,2.294804205322919,2.3778762782789378,4.884
1.4141508405662524,1.3728899463363406,1.4554117347961641,0.116
2.3770697614598415,2.3523484191730817,2.4017911037466013,2.847
2.0144300911265463,1.9704192477746127,2.0584409344784795,1.799
2.384880558669385,2.3649836381763403,2.4047774791624295,2.122
3.3235841319664186,3.2823084777944542,3.364859786138383,3.098
1.3286535569635183,1.286025242053297,1.3712818718737396,1.443
3.0573094791947675,3.0313652427449846,3.0832537156445503,4.493
3.0817636680700726,3.03828707112863,3.125240265011515,3.817
3.0973338759839915,3.0701842622517423,3.1244834897162406,3.532
1.4022582276088766,1.3746550363724162,1.4298614188453371,0.883
2.7761309531848277,2.728161515255575,2.8241003911140803,2.431
1.4562763070105613,1.4238510471222572,1.4887015668988655,0.641
2.595454207960506,2.5720462592517164,2.6188621566692953,2.259
0.7537579923712945,0.7107083292409109,0.7968076555016781,0.108
3.2951973892421886,3.2667302874066126,3.3236644910777646,5.276
1.4227136053468,1.380971551252666,1.464455659440934,1.84
0.6583163499764181,0.6046111667780166,0.7120215331748195,0.752
2.168339271365647,2.1249119301200947,2.211766612611199,0.803
1.7051303342254995,1.683566011421633,1.726694657029366,1.541
3.8289044584235374,3.7872618978796213,3.8705470189674536,4.472
3.5887132836504008,3.5521936746425165,3.625232892658285,2.847
1.5643842795245502,1.5299688571722851,1.5987997018768152,1.78
3.9386081529160615,3.8981822237652355,3.9790340820668875,3.429
2.682582016779512,2.636417869911122,2.728746163647902,1.424
2.4007418351591827,2.358961216050822,2.4425224542675434,1.068
2.719807394271909,2.689801531823021,2.7498132567207976,4.586
1.6987229165464448,1.6585709165601785,1.738874916532711,1.521
2.2157719909513216,2.1917846496258027,2.2397593322768405,0.248
1.455389153316847,1.4228420948344809,1.4879362117992132,1.897
3.0138514243762606,2.9811636381077022,3.046539210644819,5.244
3.3512633676854686,3.3045750653667967,3.3979516700041406,1.995
2.2254446829563785,2.1838199518580206,2.2670694140547365,1.036
3.5923082328907987,3.548561650667294,3.6360548151143033,2.488
3.9213680564727347,3.870527973291724,3.972208139653745,4.322
3.631450322269166,3.585245504706668,3.677655139831664,2.643
3.658741626771525,3.609918204216479,3.707565049326571,3.683
3.957008994825948,3.91066456678856,4.003353422863336,2.633
3.441492346282299,3.4038881138507735,3.4790965787138246,4.215
1.1498348024427194,1.1202134086501272,1.1794561962353116,0.026
1.6683562466378357,1.6326510824081197,1.7040614108675516,4.381
2.0225961063523106,1.9984467809334248,2.0467454317711966,1.398
1.991904886370316,1.9603730988155932,2.0234366739250387,0.189
0.7364024350133263,0.6959006168644264,0.7769042531622261,1.292
1.992410653112578,1.9593145040163435,2.0255068022088127,3.578
2.508859781101574,2.4786362410955878,2.53908332110756,0.161
1.5884113899563796,1.5426927754332374,1.634130004479522,1.884
3.853273318615503,3.809200837701542,3.897345799529464,2.881
2.4366491914401878,2.407899768976348,2.4653986139040276,1.834
1.833962476630486,1.785697117120681,1.882227836140291,2.115
2.0854091717970813,2.056308448459452,2.1145098951347108,1.546
0.6361315920873778,0.5867667453299894,0.6854964388447662,0.098
1.9629314439364858,1.9355003650689797,1.9903625228039918,2.042
3.8355257095856587,3.792143057749641,3.8789083614216766,4.99
1.8272918759345451,1.795163893588225,1.8594198582808652,0.179
4.321569510015837,4.2719836921416245,4.371155327890049,2.795
3.777859196953632,3.732374846740955,3.8233435471663086,4.717
2.0185216766033185,1.9870148068542808,2.050028546352356,4.894
2.3822585631565008,2.346017120295697,2.4185000060173043,2.261
1.472753891772293,1.438730798523865,1.506776985020721,0.085
3.4475408113514097,3.405407416654384,3.489674206048435,3.947
2.067886829582472,2.0236433524586674,2.112130306706277,0.152
1.473622635537728,1.4324741299097818,1.5147711411656741,4.139
1.3504941414109624,1.311705590025322,1.3892826927966027,1.654
2.71759942608568,2.676877188293998,2.758321663877362,3.561
2.356017900227182,2.3209613977836456,2.3910744026707187,0.674
2.717477396595068,2.67881576409146,2.756139029098676,5.182
1.7672798548992381,1.7328808644454627,1.8016788453530135,1.511
3.3020833768587896,3.2612447734236465,3.3429219802939327,5.2
2.784049156194266,2.742499450412763,2.825598861975769,0.209
2.638896030256397,2.608304153383386,2.6694879071294078,3.016
3.1323505708523873,3.0746006611206225,3.190100480584152,2.387
2.577093579753524,2.5405727684279746,2.6136143910790732,0.24
2.2792120299898757,2.256750220935392,2.3016738390443594,1.909
2.1162186214070107,2.0734464641141104,2.158990778699911,1.09
2.113230388996653,2.080943160801037,2.1455176171922687,2.783
3.1129498882340454,3.0725132404007502,3.1533865360673405,4.994
2.008097066143219,1.9888552521070646,2.0273388801793737,0.764
1.3541336741296706,1.3183410302607599,1.3899263179985812,0.165
2.323902191630675,2.2850289154608174,2.362775467800532,1.854
2.0185631296867483,1.9763107389208492,2.0608155204526475,3.144
3.8836382340871096,3.8408705762292796,3.9264058919449396,2.64
1.402642682253618,1.3702035592394934,1.4350818052677425,1.516
0.930027364462872,0.8843241815051784,0.9757305474205656,0.491
2.060811351973411,2.028725703426576,2.092897000520246,1.737
0.38577033626810997,0.34192806621474475,0.4296126063214752,0.491
2.138486030208674,2.1018542203406967,2.1751178400766515,0.155
3.7675695003416414,3.5683985732296164,3.9667404274536664,2.451
2.672966647931761,2.6407071535307343,2.7052261423327875,4.646
1.705253331995868,1.6775016663872107,1.7330049976045254,4.245
4.232491649199181,4.178674535245457,4.286308763152905,4.806
1.2949364346256136,1.255096912310895,1.3347759569403321,0.141
2.70258177118072,2.6701484456006654,2.7350150967607747,3.551
1.1928985225736157,1.161311757032783,1.2244852881144483,1.692
2.445007892634646,2.4002193971876102,2.489796388081682,0.265
3.5924972592768945,3.5483322576451424,3.6366622609086465,2.492
0.45186552473773334,0.3980992007608672,0.5056318487145994,0.01
1.4725365162208413,1.4403511221164003,1.5047219103252822,2.187
1.7517750224700919,1.7306744001618364,1.7728756447783474,2.805
1.4010752553042876,1.3619057699772492,1.440244740631326,0.824
1.946873635243006,1.913867613154479,1.9798796573315331,4.573
1.5141961228737033,1.4886356609474156,1.539756584799991,1.48
3.935310266576829,3.8865931377517486,3.984027395401909,3.747
2.360665489324524,2.3269169633277396,2.3944140153213085,0.055
1.8393401485214549,1.8008561972186092,1.8778240998243005,2.305
2.4449536666482223,2.400302532786046,2.489604800510399,2.256
2.4553398349331714,2.4229676636031017,2.487712006263241,4.828
2.690160926259599,2.664955221287558,2.71536663123164,4.999
2.670464375914422,2.6450194041661774,2.695909347662667,2.343
3.6533001456157863,3.61786748072839,3.6887328105031827,3.7
4.134537803885537,4.082013083478261,4.187062524292813,4.237
2.948626762126721,2.914471726855371,2.982781797398071,4.291
1.3436018057811185,1.3095153445298982,1.377688267032339,2.268
2.2360876009141357,2.20657793210676,2.2655972697215114,1.133
2.4731810172420614,2.4367664945807483,2.5095955399033745,4.683
2.431670270404291,2.381115274038956,2.482225266769626,2.598
2.85343952979007,2.8169217993151108,2.889957260265029,4.488
3.3059957291207422,3.2613437731697132,3.3506476850717712,2.518
1.8415795394927812,1.80640584047114,1.8767532385144223,0.164
1.8111048777580476,1.7776143011942642,1.844595454321831,1.692
1.611935390116553,1.5814641750584861,1.6424066051746198,3.111
1.6816911057567674,1.6474505781665139,1.715931633347021,1.39
1.634396390251608,1.600178868992989,1.6686139115102272,0.115
3.5067741672209407,3.4574771880316173,3.556071146410264,4.233
2.5709485508950456,2.5264668431708377,2.6154302586192535,1.109
1.763560822909394,1.7331176228000575,1.7940040230187304,1.395
1.6260136625451713,1.5860748354789278,1.6659524896114148,2.326
1.019843728054092,0.9887794362014496,1.0509080199067344,0.937
1.3554696844865364,1.3182487654259862,1.3926906035470865,0.594
2.36291487085449,2.335518303240414,2.3903114384685655,0.53
3.008698193828725,2.9638442722434233,3.0535521154140266,2.2
0.9426851658756153,0.9042714440231872,0.9810988877280435,0.542
2.043319297580468,2.0152221144398554,2.071416480721081,4.254
0.7023964675964867,0.6571825936710586,0.7476103415219147,0.359
1.6510620365159476,1.6197892681559503,1.682334804875945,1.108
1.3741275597843732,1.3369374763076283,1.411317643261118,0.902
2.4495214647557835,2.4208968393385026,2.4781460901730643,2.4
3.111327282457369,3.084060331087363,3.1385942338273747,2.914
3.017208710742007,2.9848337625455184,3.049583658938496,2.462
1.4189050053867576,1.37844747694782,1.459362533825695,0.841
2.091599916458314,2.0636895811137803,2.119510251802848,0.025
2.133399010419119,2.108645789786597,2.1581522310516412,1.739
1.407966966303571,1.3749308056177885,1.4410031269893535,1.945
2.6295228315416286,2.6043950114446157,2.6546506516386414,0.262
2.1169195643125964,2.081099579058533,2.1527395495666597,0.215
1.9802096230592352,1.950022679475254,2.0103965666432164,2.853
3.4033284852376084,3.3691222629668283,3.4375347075083886,2.855
1.5430461905452946,1.5102485516949302,1.575843829395659,1.813
1.8527421470669807,1.8106625665634324,1.894821727570529,0.655
0.7816924376122937,0.737022931840196,0.8263619433843914,0.394
2.7554606555824273,2.7101302121836985,2.800791098981156,5.718
3.559271665529719,3.52149091925225,3.5970524118071885,3.341
3.13786564775813,3.10702813491717,3.16870316059909,3.79
1.8869202465700505,1.8559554824557003,1.9178850106844008,2.806
3.5266870134536488,3.4913319520276875,3.56204207487961,2.278
2.048719062424652,2.0147293611647523,2.0827087636845514,2.586
2.0204644445902815,1.99214665203131,2.048782237149253,1.836
2.7408433720945973,2.711525406422394,2.7701613377668006,3.35
2.7326294491412155,2.696659020424997,2.768599877857434,4.274
1.2921348523187606,1.2566102251990576,1.3276594794384635,0.199
3.305672764233321,3.279311851766413,3.332033676700229,4.77
2.913295206631229,2.8828315232841795,2.943758889978279,2.395
2.4387072640313283,2.4145068804247782,2.4629076476378784,4.199
2.4806579993127995,2.441425164081095,2.519890834544504,0.16
2.5398304778745855,2.500889996411443,2.578770959337728,2.856
1.1757947259261943,1.1422282681815752,1.2093611836708134,1.697
1.3285984459609952,1.2921857205769662,1.3650111713450241,0.823
2.7777567080629386,2.737645632204042,2.817867783921835,4.136
1.9717202981911044,1.925645000683235,2.0177955956989737,0.208
2.2849087113448423,2.2494140685271846,2.3204033541625,0.261
2.760492657913157,2.7366041112213555,2.7843812046049585,3.3
1.6065162053563944,1.579800355574759,1.6332320551380297,4.072
2.476746864650824,2.4464663400158297,2.5070273892858186,0.238
2.4248211700356843,2.3963776961323773,2.4532646439389914,3.367
1.5914100977586059,1.5409558895362838,1.641864305980928,0.73
1.171688157690418,1.1290294813775417,1.2143468340032941,0.044
1.333387570586799,1.298666608321498,1.3681085328521,0.588
1.2944556218849015,1.2480336336696616,1.3408776101001414,1.504
1.607598938165642,1.5703041290836526,1.6448937472476313,1.754
3.5421283028370265,3.506979020923293,3.57727758475076,5.229
3.625670917166436,3.587177484754458,3.664164349578414,3.868
1.8815727114955665,1.8507813375953428,1.9123640853957902,2.125
2.05646619676968,2.0233009415484764,2.0896314519908836,2.648
2.713515359347327,2.6896035707586794,2.737427147935975,3.438
4.475590146462155,4.423922080775252,4.527258212149057,3.03
2.248209342586217,2.2174273201621584,2.2789913650102753,3.441
3.62497474167331,3.5839331177746185,3.666016365572001,2.727
2.1830979863899813,2.1570360780176614,2.2091598947623012,3.859
1.6294267600833041,1.5823437807867982,1.67650973937981,1.012
2.487174423715439,2.450751425127752,2.5235974223031263,2.172
1.783388992721323,1.748231735751964,1.8185462496906817,1.676
1.4331882961885822,1.3972427166176795,1.469133875759485,4.36
1.3334967565903086,1.3011056128574314,1.3658879003231859,0.048
2.8758575925183907,2.8371320862431078,2.9145830987936736,3.533
4.0882098245831955,4.040089706292464,4.136329942873927,2.643
2.0315262675912105,1.9984469329059789,2.064605602276442,0.768
1.5389141612131987,1.4958685552359225,1.5819597671904748,1.788
3.235203039277851,3.1794144153035626,3.2909916632521394,2.699
2.4726558255356395,2.4400582592499696,2.5052533918213094,2.469
3.9285041369872467,3.881727505669851,3.9752807683046423,2.887
0.7321149578099652,0.6811510574374109,0.7830788581825194,0.114
3.610074366233838,3.5695272896166768,3.650621442850999,5.222
3.4067882879012643,3.36713785829457,3.4464387175079585,2.471
3.7190177231489066,3.6779976319609236,3.7600378143368896,3.751
2.679468690644941,2.6483129727099106,2.710624408579972,0.965
1.8329678102093472,1.8108153202303812,1.8551203001883132,2.337
2.2934172403671784,2.255055890322758,2.3317785904115986,4.585
0.10425002121903676,0.052280364392391525,0.156219678045682,0.068
3.797899009902388,3.7527315436613606,3.8430664761434152,4.249
4.358339928090947,4.307274546922001,4.409405309259894,3.778
2.3250647831870435,2.2889632056304885,2.3611663607435984,2.262
1.9694946594678457,1.9439551371047485,1.995034181830943,1.734
1.111941648616782,1.0682118413323987,1.1556714559011652,1.501
2.4812673489773847,2.4554061489842005,2.507128548970569,2.095
1.6983597057924855,1.6537798278232858,1.7429395837616852,1.563
1.9988211991390774,1.9626349979589537,2.035007400319201,3.085
3.4604820381779398,3.4175629938826066,3.503401082473273,2.34
2.414385512055515,2.3898319605691074,2.438939063541923,4.782
3.2741150657995797,3.2319008252072843,3.316329306391875,2.402
4.238485655815042,4.186851395483622,4.2901199161464625,5.143
1.038795971692403,1.000816081417064,1.0767758619677419,0.645
3.271802187507095,3.240354626422954,3.3032497485912358,2.488
3.351096205106984,3.3160202103920815,3.3861721998218863,2.657
2.3843841614888257,2.3513835492590527,2.4173847737185987,0.223
2.269786978497279,2.2444594708677084,2.2951144861268498,2.335
2.0588630532773986,2.0280622932420473,2.08966381331275,1.548
1.0406390111892592,1.0030255252964038,1.0782524970821146,0.438
1.2238758018206297,1.1793429703477256,1.2684086332935338,2.441
1.2977190502496434,1.256790428942726,1.3386476715565607,0.795
4.484919084111074,4.433119385695306,4.536718782526842,3.201
2.056670200728174,2.0176117694959586,2.0957286319603896,3.215
1.2342425865626425,1.20232722879434,1.266157944330945,0.709
2.775609448950103,2.7428561373089626,2.8083627605912436,3.698
1.9360158823083027,1.902052125385551,1.9699796392310545,0.66
3.917589257728915,3.872576722998128,3.962601792459702,4.507
1.4278258103605608,1.3951221221813122,1.4605294985398094,1.992
1.7238439895586501,1.6867726746813367,1.7609153044359636,1.588
2.551150908670826,2.516972086921732,2.58532973041992,4.149
2.6718553307664226,2.6394678971838634,2.7042427643489817,2.676
3.2141009725197356,3.1807687140087295,3.2474332310307417,3.151
0.8876721210826671,0.8488754950373049,0.9264687471280294,1.052
1.8883605919140938,1.851472136138838,1.9252490476893496,1.524
1.8581521221007187,1.8247441269575508,1.8915601172438865,1.534
4.039288700802001,3.9947040918851737,4.083873309718829,3.957
3.5612419889388605,3.5240575882338008,3.59842638964392,4.568
2.1058533510393707,2.07158506246798,2.1401216396107614,1.942
2.675047425067168,2.6384407199429716,2.711654130191364,0.032
1.9291869698857362,1.902154603452017,1.9562193363194555,2.124
2.9939311506048103,2.964454312140265,3.0234079890693555,3.65
1.449133298788419,1.4040949757022183,1.4941716218746195,2.322
2.9736421128062807,2.95029227503906,2.996991950573501,4.223
3.66482936321425,3.63063867069259,3.6990200557359096,2.781
2.246030205684539,2.21862452563425,2.273435885734828,0.108
0.8398657085603826,0.7979931829706671,0.881738234150098,0.01
2.3670816980696787,2.337786793435049,2.3963766027043083,0.182
1.552104764881755,1.5251977019471041,1.5790118278164058,1.483
2.5739139049347877,2.550110096073892,2.5977177137956833,1.612
2.0503568072707963,2.0158538329532867,2.084859781588306,0.217
2.1567718202308734,2.126312898965765,2.187230741495982,1.689
2.5395436794754143,2.497276955183821,2.5818104037670073,3.17
2.901786957385889,2.8675225194592513,2.936051395312527,2.518
3.581096923578834,3.546811280753947,3.6153825664037207,2.769
1.308133670022554,1.2744398884363635,1.3418274516087447,1.785
4.254488621596146,4.200195236093136,4.308782007099157,3.225
2.5996362755708247,2.556492215581797,2.6427803355598525,1.121
2.411497600750484,2.3748120864787654,2.448183115022202,2.963
1.889255305896,1.8607805653474683,1.9177300464445317,2.349
2.665755274090299,2.625235435753947,2.7062751124266513,4.961
3.572736637317089,3.536087165699174,3.6093861089350034,4.374
2.3484570544448022,2.3117545931064734,2.385159515783131,0.693
2.128334773324127,2.1085459614324282,2.148123585215826,2.456
1.5830529998871647,1.5432347266007065,1.622871273173623,1.691
2.1279672217104193,2.0980039944182924,2.157930449002546,0.712
2.060987063561431,2.0177646537817013,2.104209473341161,2.889
3.549780991170757,3.5004096228371937,3.5991523595043207,3.87
1.9532207709633158,1.9213503459185448,1.9850911960080868,0.808
1.3658206095180137,1.3287443583423622,1.4028968606936651,2.495
1.6028210305384287,1.5784045292736006,1.6272375318032568,5.623
3.042959719593444,3.0058270102631277,3.0800924289237606,3.318
0.18114164727407392,0.13317782701583136,0.22910546753231648,1.18
3.6126643973433845,3.574766586436128,3.650562208250641,4.047
0.3972323911360648,0.3499485501586129,0.44451623211351665,0.928
2.0712501695765195,2.038795681133982,2.103704658019057,2.465
3.852297419432516,3.803920218397452,3.90067462046758,3.883
3.081271635211343,3.050199058915377,3.112344211507309,2.016
2.3132580741803785,2.291890748163236,2.3346254001975213,1.955
4.1628883192102615,4.1191736277811675,4.2066030106393555,4.068
1.4376774539976498,1.4052853936557164,1.4700695143395832,1.499
2.487887929482795,2.451834541460729,2.523941317504861,2.716
1.0966158855159311,1.041475947678914,1.1517558233529483,0.098
3.23668198534867,3.210391279688297,3.2629726910090433,5.518
0.7484448469026659,0.7087211790445398,0.788168514760792,0.158
1.3980964203546018,1.3620100934454464,1.4341827472637572,0.623
3.8811456129670345,3.841452380525143,3.9208388454089262,4.148
2.1555977909648916,2.117876706045572,2.193318875884211,2.843
1.905595102920668,1.871728838493881,1.9394613673474548,5.343
3.7567044376878465,3.719379560072825,3.794029315302868,4.785
3.7435032105141857,3.7071808864270426,3.7798255346013288,2.433
3.5230109518374384,3.490042037977923,3.555979865696954,4.091
2.4078251358116853,2.3809395711764183,2.4347107004469524,3.931
2.042121926347377,2.0093849011824543,2.0748589515122995,1.267
1.7732749960155285,1.7374784829392325,1.8090715090918246,0.204
2.536695871495937,2.5075787922549178,2.5658129507369565,1.717
0.46356738343377446,0.4157227413902356,0.5114120254773133,0.549
2.152149361343321,2.1189757078491316,2.1853230148375107,0.15
1.8591847360623768,1.816077882070204,1.9022915900545496,2.6
1.536879026916857,1.4939075728291855,1.5798504810045286,1.679
3.3383240460045354,3.311591746233862,3.3650563457752085,3.808
2.636147674766364,2.5990518547386037,2.673243494794124,3.531
3.5433654979987415,3.5132523817231696,3.5734786142743133,2.869
3.7109445190113486,3.673713654046339,3.748175383976358,2.489
1.0458377337288447,1.002806306338617,1.0888691611190724,0.213
3.5203115285581106,3.4810573890353895,3.5595656680808316,2.143
1.5047817783812782,1.475993399682054,1.5335701570805025,2.148
2.4373036700279362,2.240867376231583,2.6337399638242895,1.027
1.8135927265460257,1.7781895693396748,1.8489958837523766,1.006
0.06494139897054582,0.01103856415579861,0.11884423378529303,1.078
2.260917365307577,2.2166448439720834,2.305189886643071,1.975
2.511274363002574,2.479533987699354,2.543014738305794,1.399
1.343620767405885,1.30537620831902,1.3818653264927503,1.257
3.4903869630099966,3.4440700366016435,3.53670388941835,3.27
3.7022258127120207,3.6602738538327104,3.744177771591331,3.93
4.041626006050544,3.9979397674853328,4.085312244615755,4.461
2.1385955052720984,2.0993304413108524,2.1778605692333444,1.7
2.4649219384884447,2.4416947707730614,2.488149106203828,0.822
3.752328953142291,3.7050183004489163,3.799639605835666,5.37
1.8281400151410534,1.7973271685532815,1.8589528617288253,0.194
2.2908843914880035,2.2615043805279904,2.3202644024480166,4.397
2.540435885026705,2.5149010922790582,2.5659706777743514,2.467
3.266099194759153,3.2292205234875215,3.3029778660307842,2.46
3.539151934511085,3.500752442988489,3.577551426033681,3.568
0.8040736076192986,0.7583398546083477,0.8498073606302494,0.413
3.5932078211830816,3.551991509105494,3.6344241332606693,3.526
2.629281369405723,2.590596765095007,2.667965973716439,0.201
2.7232678267724753,2.695126125747903,2.7514095277970476,2.87
2.0561468831489518,2.0240341899918515,2.088259576306052,0.088
2.3163502623251393,2.2757234825000205,2.356977042150258,2.995
3.4231787899480466,3.389159463469326,3.4571981164267673,2.354
2.1618083743309704,2.125264472006947,2.198352276654994,0.181
1.0605350969319167,1.0228452488301474,1.098224945033686,2.17
2.8077857284268495,2.771626327899115,2.843945128954584,2.293
1.7497803729478074,1.7151942191809821,1.7843665267146327,1.703
1.4724171151278846,1.4468655696223243,1.497968660633445,0.526
1.5596406553253785,1.5226370243020466,1.5966442863487105,0.01
1.9887717871756279,1.9557611346237709,2.021782439727485,0.24
1.797830038977976,1.7749044139204375,1.8207556640355145,1.699
1.6089099803914695,1.577250230982124,1.640569729800815,0.215
1.8184598174370863,1.7982053199975578,1.8387143148766147,0.711
2.7891278531290125,2.7529870170280444,2.8252686892299805,1.702
2.8475947665899017,2.8078954163285146,2.887294116851289,2.635
2.997506565573935,2.9691766419951495,3.02583648915272,4.01
1.2446540696820763,1.207120999149043,1.2821871402151095,0.535
1.3939680216637607,1.3529928485165001,1.4349431948110212,0.32
2.3119337306589864,2.280389158944604,2.3434783023733687,0.01
1.787819458500956,1.7471399795944789,1.828498937407433,2.672
2.4553290270802113,2.4145093360932264,2.496148718067196,5.23
1.8639050804499093,1.8300723112300334,1.8977378496697852,1.54
2.1480438675749873,2.1216921589567113,2.1743955761932634,2.15
2.291275579602055,2.254158469235947,2.328392689968163,4.267
1.6834765090601258,1.6405584976545986,1.726394520465653,1.596
1.4835624063357569,1.4478161051257683,1.5193087075457454,1.721
3.251388516609712,3.2080404773058153,3.2947365559136084,3.772
2.064371237101843,2.0313212688722353,2.0974212053314507,2.463
1.5368394789888955,1.4936143992183166,1.5800645587594744,1.825
0.8680869252432696,0.8213334618976236,0.9148403885889156,1.907
3.782330387065627,3.7349823567599176,3.8296784173713365,2.482
1.9403862494801012,1.9013755912095793,1.979396907750623,0.862
1.8379692069306215,1.8068041227639224,1.8691342910973205,2.771
3.705976454944372,3.6708003045813795,3.7411526053073647,3.15
2.404800657894385,2.385782155077041,2.423819160711729,4.534
1.5327194163307922,1.4969470090364858,1.5684918236250986,3.687
2.180436776011651,2.142131881340005,2.2187416706832974,2.062
3.4020913029967255,3.3677510960335666,3.4364315099598843,2.655
3.5193750208542,3.4828870227288102,3.5558630189795895,4.674
1.855799232412329,1.8214604875264975,1.8901379772981604,0.77
4.172231133135402,4.126512213632767,4.217950052638037,3.697
3.993874129283154,3.9575813859914284,4.030166872574879,2.388
3.3705466633965937,3.335092692274402,3.406000634518785,4.136
1.5902521050936325,1.5584917258618365,1.6220124843254284,0.137
1.6458764823939271,1.6058111365527816,1.6859418282350727,0.625
2.74147158253116,2.6905527934222087,2.7923903716401113,2.463
1.1899268988093494,1.1491945535186798,1.230659244100019,1.401
1.5122359228814566,1.467375294464991,1.5570965512979222,0.588
2.3913535028186503,2.360786160754895,2.421920844882406,0.048
2.7849416341637885,2.7463073373411997,2.8235759309863773,2.218
1.8552952384716053,1.8315249441707004,1.87906553277251,1.665
1.6407540630305648,1.6011408232611901,1.6803673027999395,2.541
3.3089430770429376,3.2819859508236706,3.3359002032622045,5.015
2.4417131992610264,2.412482239197807,2.4709441593242456,1.441
1.735267245434199,1.70377973097184,1.766754759896558,2.461
3.3152156008617406,3.281959836856531,3.3484713648669504,2.904
3.0279897106734763,3.002305342161213,3.0536740791857397,5.044
2.7594830947460824,2.726471268067597,2.792494921424568,4.024
3.6631351675475305,3.6142728229727976,3.7119975121222635,2.607
2.0997604146060884,2.0722006132859114,2.1273202159262654,3.005
2.8663493854299067,2.838001205313063,2.89469756554675,2.272
2.4672739425040073,2.441444266675159,2.4931036183328557,0.228
1.8451412023522589,1.8114932501333845,1.8787891545711333,2.29
1.8860253033139904,1.846863160550115,1.925187446077866,0.977
1.9315121629382985,1.902928616217261,1.960095709659336,0.548
2.0522063554194423,2.025734225111092,2.0786784857277927,2.764
1.7798757842180202,1.7416622868164757,1.8180892816195646,1.469
1.8768245353886066,1.8429482858103263,1.910700784966887,0.17
2.654588663027206,2.614205708541884,2.694971617512528,3.158
1.7882787830985936,1.7558368284671015,1.8207207377300856,0.585
1.195586031922593,1.1493699114360874,1.2418021524090987,1.049
1.9939804639205574,1.9646753788421347,2.02328554899898,0.766
2.1350891361489497,2.108337775548404,2.1618404967494955,1.579
3.0594948122756005,3.0178644604262317,3.1011251641249693,3.963
3.0416252808112243,3.008057953976401,3.0751926076460476,2.777
2.160986055095342,2.1412617531644207,2.180710357026263,4.45
2.5117408162875066,2.4763787800011947,2.5471028525738184,0.749
1.013151768686934,0.9765826074635845,1.0497209299102837,0.623
2.4061632947378473,2.3777673955443843,2.4345591939313103,4.149
2.4388666819836375,2.4133277339438783,2.4644056300233967,0.776
1.4112374954665108,1.3807071281210506,1.441767862811971,0.873
1.7216514595603074,1.686774729489156,1.7565281896314588,2.177
1.9625259843183553,1.9237514616031408,2.00130050703357,2.277
2.6899971543882883,2.6641472423454124,2.7158470664311642,2.589
3.7587867035042564,3.718518088421155,3.799055318587358,4.325
1.8524073173750413,1.8122078458462032,1.8926067889038793,0.803
3.9679615483480437,3.918824599217266,4.0170984974788215,4.56
2.996598526864,2.9689803796932557,3.0242166740347445,2.45
1.9874553264834371,1.9580972707044624,2.016813382262412,0.034
2.6830909608566307,2.646144760689089,2.7200371610241723,4.631
2.2267700546817086,2.1855130756125396,2.2680270337508777,5.215
3.9987566763311166,3.9520143105987295,4.045499042063503,2.243
1.6848699626797599,1.646030181906076,1.7237097434534436,0.764
2.4439571601190293,2.4074263866879284,2.48048793355013,1.039
1.392377236900788,1.361722220228563,1.423032253573013,0.857
1.5391062742684154,1.5140310045339107,1.56418154400292,4.456
1.4945689535693727,1.4667582466985454,1.5223796604402,0.562
2.5823688401970633,2.5581904824883646,2.606547197905762,3.276
1.1161723313602454,1.0728357529675487,1.159508909752942,0.2
1.9826529963568003,1.9471723983457379,2.0181335943678627,1.715
2.050468923632964,2.0178018249345695,2.083136022331358,2.707
1.7458182341173054,1.710964280469059,1.7806721877655518,2.398
2.268681031006924,2.2304419004412717,2.3069201615725765,2.518
4.197364107315293,4.151956802534944,4.242771412095642,3.875
1.4442515789647294,1.4137275835198242,1.4747755744096347,0.07
2.969993320691505,2.9288260981260823,3.0111605432569277,4.787
1.397183926271454,1.3718023394371153,1.4225655131057928,0.137
1.9553818752054275,1.9251736976509422,1.9855900527599128,1.344
1.6359909719318115,1.6042011107792338,1.6677808330843893,1.988
2.2875286537274424,2.2634621542218936,2.3115951532329913,1.278
2.2547707439046865,2.22481060149787,2.284730886311503,0.601
2.0324708220108465,2.0049198525277783,2.0600217914939147,4.776
1.475309137899834,1.4501665874447602,1.5004516883549077,2.101
2.2616080201402826,2.2289161600881564,2.294299880192409,1.856
2.6672375930179535,2.6356832001886277,2.6987919858472793,2.686
3.126887642353631,3.0949475793435988,3.1588277053636635,5.359
1.942192713352946,1.9091573405354405,1.9752280861704514,1.467
2.1961896473104128,2.166906875445921,2.2254724191749045,1.835
0.8553616268369618,0.8069397838715101,0.9037834698024135,0.086
1.1597189806727162,1.1255522012940113,1.193885760051421,1.329
2.422922905299683,2.3917826158458126,2.4540631947535534,1.743
2.2207166939369363,2.187970033200984,2.2534633546728884,2.6
1.6181113032613155,1.5963097858238149,1.639912820698816,4.191
2.6268381752694077,2.5848932442671275,2.668783106271688,1.106
2.1227628486232923,2.0896382132055065,2.155887484041078,2.258
1.9481171600336822,1.9211032291728316,1.9751310908945328,1.535
2.302731093664459,2.2636923695422855,2.3417698177866324,0.581
0.11241296355503272,0.053956984222760074,0.17086894288730536,0.053
0.5636925709100167,0.5193105440262318,0.6080745977938016,0.331
3.6723746798859103,3.625311388442339,3.7194379713294814,3.812
2.519535954154883,2.482204228151506,2.55686768015826,4.769
2.4749413881719877,2.4323878963863286,2.517494879957647,0.074
3.356408078119382,3.3195588503973164,3.393257305841448,5.278
2.5146360449557728,2.4819768478886486,2.547295242022897,1.758
1.5554502463375492,1.5211856101147085,1.58971488256039,0.144
1.9712609737318876,1.9433828414226804,1.9991391060410948,2.053
1.8193933399359599,1.7887566452646204,1.8500300346072993,3.828
4.0515591117676415,4.006119957602987,4.096998265932296,3.474
3.822452243108578,3.781559652411114,3.8633448338060417,2.589
2.993907972662646,2.95811225818051,3.029703687144782,5.028
0.8206147490578588,0.7815143939219111,0.8597151041938065,0.064
1.269552307008016,1.2281964073258729,1.310908206690159,1.206
2.210300388095659,2.1828900057738863,2.2377107704174315,0.159
1.1666129300086607,1.1205733932660378,1.2126524667512837,0.902
1.7955904317818767,1.7675914516920221,1.8235894118717313,0.256
2.059451452706169,2.0318627211765,2.087040184235838,5.395
1.3761341052679923,1.340903889159722,1.4113643213762626,3.295
1.2332178380527221,1.1906713135213673,1.2757643625840769,1.931
2.8606103632613755,2.8293685962681825,2.8918521302545686,2.597
2.863425218964822,2.821473507755966,2.9053769301736785,3.675
0.8102699783887922,0.7698557043977228,0.8506842523798617,0.765
2.3871831936966115,2.3538086703035432,2.4205577170896797,0.147
2.1548161590970345,2.1342383130548472,2.1753940051392218,2.218
2.501077559536695,2.468495142505461,2.5336599765679293,4.957
1.9577919001307107,1.9203398922758075,1.995243907985614,2.692
3.6671287604682425,3.6221167907862517,3.7121407301502334,4.51
1.9555207380014872,1.9276110171800989,1.9834304588228755,0.787
2.978913482058917,2.942676181247539,3.0151507828702955,2.361
2.0343386061427453,2.0035073413796227,2.065169870905868,2.902
2.2694254255270696,2.2253825952969613,2.313468255757178,2.822
2.072897022694874,2.04315751812181,2.1026365272679386,2.902
2.400237130230502,2.37088450282452,2.429589757636484,4.078
1.8920993982279688,1.871178581809101,1.9130202146468367,0.023
2.2967509633248198,2.2669031297395166,2.326598796910123,4.817
2.1256477693982596,2.0806208310982464,2.170674707698273,1.741
2.3535840910937114,2.3274572828697746,2.379710899317648,0.593
4.202545109658074,4.1554521805872735,4.249638038728875,4.76
1.6111806741808536,1.5845071017628585,1.6378542465988488,0.01
2.107590626663678,2.0717384808258337,2.143442772501522,4.316
3.3923598092497285,3.3568876140844095,3.4278320044150474,2.541
1.579907334424566,1.5446812949067106,1.6151333739424214,1.074
1.932188720407984,1.8992509882247965,1.9651264525911714,3.18
2.45673943818174,2.43439933325876,2.47907954310472,1.553
1.552046012552363,1.513147855317981,1.590944169786745,0.926
1.1816725143660816,1.1403470438664847,1.2229979848656785,1.893
2.072696857470356,2.027344498652424,2.1180492162882882,1.771
1.245866135215682,1.2125363743443238,1.27919589608704,1.442
1.2245828216485595,1.1788586094010918,1.2703070338960272,2.813
2.4832938796847803,2.4546080932927876,2.511979666076773,0.774
3.8095795328966755,3.768194051741771,3.85096501405158,5.318
3.971925620757053,3.927216149913848,4.016635091600258,4.531
2.1171275190994607,2.091506643997717,2.1427483942012047,4.805
3.845604710528378,3.809387576160944,3.8818218448958124,2.826
2.1520281960317016,2.120023641923903,2.1840327501395,2.258
2.3040876719402412,2.279667425661874,2.3285079182186084,1.817
2.4386786206194513,2.4072597747399884,2.470097466498914,1.798
2.546796327377478,2.5181392046983166,2.5754534500566395,4.738
1.9702023089942642,1.9391474478795436,2.001257170108985,4.273
3.7847385384552625,3.7423501743396175,3.8271269025709076,2.29
1.4381319847594844,1.3992154599656292,1.4770485095533397,0.845
2.038041112241719,2.0074321269540416,2.068650097529396,0.815
1.6294267600833041,1.5823437807867982,1.67650973937981,0.022
1.9845771616034305,1.9495908789655667,2.019563444241294,2.34
2.7794588645608616,2.746121827259425,2.812795901862298,2.56
2.5533350603665554,2.5214642792887507,2.58520584144436,1.044
2.9960267003393217,2.9576554307169194,3.034397969961724,2.094
2.001563027602913,1.9658840115528318,2.037242043652994,1.514
2.5647768408123963,2.529884218681816,2.599669462942977,4.75
1.7096891665919611,1.661574725466196,1.7578036077177264,2.136
1.3515866728450627,1.3261791550140978,1.3769941906760277,1.317
1.491723635054551,1.4500035707698147,1.5334436993392875,1.941
2.0904048223046336,2.050940629035497,2.1298690155737705,5.155
1.941719650425015,1.9014954465298615,1.9819438543201684,0.686
1.3061261509341515,1.272020391229242,1.340231910639061,0.858
1.5699837360865503,1.5410441175271286,1.598923354645972,0.032
2.5503517795583464,2.508908152892038,2.5917954062246547,0.212
1.719867686404037,1.5218443060189755,1.9178910667890985,0.314
3.8784028288674315,3.8350319175079717,3.9217737402268913,4.856
1.2715175397435865,1.2320950036998235,1.3109400757873495,0.238
0.6116716617318256,0.5577980915920262,0.6655452318716251,0.063
0.8317131657902361,0.7904946879581228,0.8729316436223494,1.273
1.4229439703127331,1.3924441484374857,1.4534437921879806,0.612
2.3246972498191942,2.2952947117293037,2.354099787909085,2.689
1.7460781666972243,1.7189402470851431,1.7732160863093054,2.592
2.0640597642167298,2.023804076206723,2.1043154522267367,0.063
2.9594692387760015,2.9285121813469406,2.9904262962050625,4.939
1.8974139671283918,1.8617347609911732,1.9330931732656105,4.313
3.2031682113005595,3.1717403489568037,3.2345960736443153,3.788
2.1105146603793123,2.0739542759872265,2.147075044771398,1.981
3.3602140186831164,3.327092317673059,3.393335719693174,4.891
1.3325190796664035,1.2937650891116184,1.3712730702211886,1.822
2.3497830012793397,2.3317805609992908,2.3677854415593886,2.291
2.2999317126208703,2.2753999792405226,2.324463446001218,3.084
1.3485505143228074,1.322240629550153,1.3748603990954618,1.47
2.3993106581499513,2.36759640866382,2.4310249076360826,1.605
2.082187776210159,2.056373351565422,2.108002200854896,0.686
2.4617005761353905,2.4220220433961415,2.5013791088746395,2.007
2.99849522463028,2.9643037318114565,3.0326867174491032,4.907
1.9497151871290195,1.9107726350770524,1.9886577391809865,4.711
2.2792824488877717,2.2475945139121816,2.3109703838633617,1.693
4.020375390114202,3.969309397005002,4.0714413832234015,2.876
1.8356439957706223,1.815550004890844,1.8557379866504007,2.336
2.3166859723550064,2.296994845793458,2.3363770989165547,4.084
1.8121893755159308,1.7914269151721762,1.8329518358596855,0.64
3.120810622415895,3.0921706168272913,3.1494506280044985,3.003
3.253433056702376,3.2223410406652033,3.2845250727395485,4.552
2.178989406090947,2.1466095570364017,2.2113692551454927,3.471
1.939227364489938,1.9072364067162368,1.9712183222636392,1.86
1.0703381125249025,1.0299116395220227,1.1107645855277823,1.721
1.9337504837603934,1.8890343456710295,1.9784666218497573,1.696
2.965852890364177,2.928680498670229,3.003025282058125,4.765
2.818165398591385,2.7738492721545396,2.86248152502823,0.745
1.6783023880329204,1.6375594964654145,1.7190452796004263,0.628
0.7346810428088614,0.695205388651777,0.7741566969659458,0.436
2.226824493902029,2.197845016006716,2.2558039717973424,2.45
1.8506814558894613,1.8071739102463538,1.8941890015325689,0.01
1.0558706281074575,1.0181464887009997,1.0935947675139153,0.441
1.82838569805099,1.7963564085814379,1.8604149875205422,1.746
2.7738799029639596,2.7352819410984552,2.812477864829464,4.731
1.6109763524049532,1.574180232978461,1.6477724718314453,0.845
1.3293699641936176,1.2937268505189716,1.3650130778682636,0.787
4.2508610134775875,4.2091962727567,4.292525754198475,5.321
2.5788268134684627,2.548496476906396,2.6091571500305295,4.546
2.3246894139834713,2.2813445967376293,2.3680342312293132,0.678
1.16069363084181,1.1223055517876237,1.1990817098959965,0.231
2.2411229469486886,2.2074547718512423,2.274791122046135,4.937
1.2949660881241192,1.2662722610220696,1.3236599152261688,1.492
2.1988191381391227,2.166517094116026,2.2311211821622194,2.202
3.9938067005296762,3.9461889919910518,4.041424409068301,2.553
3.9258006534241416,3.881305172330389,3.9702961345178944,2.762
2.1293225874541526,2.0955165995846845,2.1631285753236207,0.2
1.354492424165645,1.3166970540870733,1.392287794244217,2.032
1.1601294301116307,1.1114462387443877,1.2088126214788737,0.117
1.9046701067288383,1.878104795001276,1.9312354184564007,3.824
2.480722245602426,2.4516937735308613,2.509750717673991,5.897
1.3064955349967367,1.2644324478766875,1.3485586221167858,0.614
2.1500956241780975,2.112172989566833,2.188018258789362,0.852
2.6556126755125296,2.6316922557800817,2.6795330952449774,1.799
2.10342895761243,2.07456904976979,2.13228886545507,1.419
2.7134293591487553,2.679159881628827,2.7476988366686834,0.682
1.76080303287542,1.7290593575670012,1.7925467081838389,4.24
3.867700919919989,3.8202411076678375,3.915160732172141,4.399
1.7731243990221748,1.71835686940218,1.8278919286421695,1.799
2.111712880793514,2.075499587366896,2.1479261742201317,2.044
1.3976510426172943,1.3518089936752935,1.4434930915592952,2.591
3.280683485372738,3.2433645473021944,3.3180024234432812,5.834
1.572431895752663,1.5372967139220346,1.6075670775832915,1.083
3.9542778966563277,3.9140022050942824,3.994553588218373,5.015
3.98353336403174,3.9435200870679084,4.023546640995572,4.596
1.6456887389855677,1.6097649585819866,1.6816125193891487,1.882
3.359084791667837,3.3172692406893733,3.4009003426463003,4.721
3.286110855920043,3.2447228861087916,3.3274988257312947,3.22
2.5464504651633524,2.5069436341842737,2.585957296142431,2.038
0.9451975666447486,0.8990068755784439,0.9913882577110533,1.564
4.32775418293146,4.285702504508368,4.369805861354552,2.825
0.6418107405842728,0.5978442373090498,0.6857772438594958,0.049
4.0038402974320455,3.957663638907975,4.050016955956116,4.826
3.2730946808617714,3.2372048622866383,3.3089844994369044,4.344
3.9255853910655762,3.8802319860505845,3.970938796080568,4.683
2.403740876281023,2.367858122719913,2.4396236298421328,2.884
1.3500390794139723,1.314212712820086,1.3858654460078585,0.754
2.228995657051671,2.185848834536042,2.2721424795673,1.971
1.8404767335277998,1.8068096065570705,1.8741438604985292,1.676
2.1132218551036765,2.0914316609675696,2.1350120492397835,1.885
2.8065506228871357,2.765510124384275,2.8475911213899967,5.059
0.9305887334361493,0.8929018742105946,0.968275592661704,3.178
2.4339798402010104,2.4098358081506515,2.4581238722513694,4.839
3.4468593300302497,3.4038957020029232,3.489822958057576,2.474
2.245136644911923,2.2015607619631004,2.2887125278607456,2.328
1.984481649569143,1.9589990013244574,2.009964297813829,3.81
4.304067139522495,4.260663766517639,4.347470512527351,3.852
1.8222522769623273,1.8005777378530228,1.8439268160716318,0.165
1.3520755180533348,1.3029295231797131,1.4012215129269565,1.86
1.244848621313773,1.204668691905372,1.2850285507221741,2.116
2.4882579381956837,2.4503738776574333,2.526141998733934,5.411
2.767828081299811,2.7279002456930566,2.8077559169065656,2.375
3.8896083603458536,3.839584972211009,3.939631748480698,3.209
3.6686370398307067,3.6265614314749013,3.710712648186512,3.469
2.3580077000121293,2.161534453217809,2.5544809468064495,0.803
2.811195653559633,2.7725828495264486,2.8498084575928178,0.333
1.2600690502677154,1.2151205521419348,1.305017548393496,0.944
4.091595423494032,4.041144000085862,4.142046846902201,4.641
1.9796526646712924,1.9513836296713314,2.0079216996712534,4.034
1.4530380127305609,1.419644646996588,1.4864313784645338,1.644
1.0594606688799122,1.0065030594575992,1.1124182783022252,0.451
1.5705783967756475,1.5353274707944176,1.6058293227568774,2.711
2.591889632998101,2.571111111375742,2.61266815462046,2.553
3.04336350853661,2.9960456807628106,3.0906813363104093,2.04
2.497982643626991,2.467273602115035,2.528691685138947,1.68
1.426441814115909,1.3871295853169292,1.4657540429148888,2.373
0.7290801810510532,0.6889460230444105,0.7692143390576959,1.059
1.0467588997794453,1.0096140589765694,1.083903740582321,2.136
1.8369168483993679,1.8032477480315747,1.870585948767161,2.952
2.0910606739193476,2.061512804881805,2.12060854295689,0.547
1.5476899039736842,1.5025406107319206,1.5928391972154479,1.274
3.3633630012877753,3.3316802210182144,3.3950457815573363,3.136
1.2389653438431587,1.2073385744499905,1.270592113236327,0.708
1.70164725249005,1.6667605367822436,1.7365339681978567,1.989
1.0598038609092544,1.022467215681736,1.0971405061367727,0.049
1.360677299674982,1.3245999773561232,1.396754621993841,2.632
3.5294793075970703,3.490450581402672,3.5685080337914687,4.571
1.5749331419653902,1.5359588753213724,1.613907408609408,1.903
3.340611500293842,3.295615744055619,3.3856072565320647,4.72
1.1918150218628523,1.162864870030195,1.2207651736955096,1.552
1.9966101344921956,1.97459254838355,2.018627720600841,1.509
3.7360092603114983,3.7008768140270663,3.7711417065959303,4.86
3.462602694098223,3.4234130619703134,3.5017923262261323,2.721
2.0918567850814753,2.0553337607911226,2.128379809371828,3.526
2.9088192074481944,2.884229812683283,2.933408602213106,3.089
1.7718403185964906,1.7416341426461779,1.8020464945468033,1.498
1.0383931843914116,1.0038884614130779,1.0728979073697453,0.735
3.073301316067403,3.029747005736982,3.1168556263978244,3.501
1.0453393667549036,1.0089403557016632,1.081738377808144,0.662
2.4558088877198467,2.4283517020325163,2.483266073407177,2.222
3.2357057318664326,3.210099398543614,3.261312065189251,4.363
1.9914146497357172,1.9587936199011555,2.0240356795702787,1.464
2.5840829472554754,2.5476359506676465,2.6205299438433043,0.086
2.2938059942130886,2.252167873979931,2.335444114446246,0.669
2.8586112325439608,2.807728672161418,2.9094937929265035,1.44
2.78317138258376,2.744293900902602,2.822048864264918,4.395
1.594096466660958,1.5479262499968438,1.6402666833250723,2.31
1.4124186350453796,1.3773611727510058,1.4474760973397534,2.03
2.479085221664318,2.450824084749803,2.507346358578833,4.302
1.9540157008787615,1.9128583114914548,1.9951730902660683,0.638
2.171739348757616,2.14536739726831,2.1981113002469224,1.736
2.205544471977322,2.1699797558624065,2.241109188092237,0.936
2.5866075512917166,2.555979195549639,2.6172359070337943,3.933
2.379655943195229,2.3460769781992465,2.4132349081912117,3.175
0.7137795321947813,0.674130722313661,0.7534283420759016,0.964
1.076383012201968,1.0466755137079655,1.1060905106959704,1.512
2.171745113068904,2.1394789556387295,2.2040112704990786,4.25
2.286496206736176,2.24902299869109,2.3239694147812617,3.954
2.681862926433925,2.622669598533722,2.741056254334128,2.366
3.4396314067270333,3.4026237569077895,3.476639056546277,4.139
3.444649371017501,3.404523852999487,3.484774889035515,4.139
1.4494443079188737,1.4213629115202797,1.4775257043174677,0.234
2.0362019843041077,1.9907720804793583,2.0816318881288574,2.954
4.130250913715269,4.085192834092361,4.175308993338177,3.71
1.815545449468306,1.7828975390487165,1.8481933598878957,2.3
3.814631957228813,3.773377235871318,3.855886678586308,4.512
0.44561652796386747,0.3959306680389224,0.49530238788881253,1.255
2.928447006460886,2.888029582851669,2.9688644300701026,2.705
2.0028918061943517,1.976314879886001,2.029468732502702,1.857
2.1777531114516506,2.1442856327838373,2.211220590119464,1.346
3.9444410011889346,3.905038497822664,3.983843504555205,4.551
2.071277904021526,2.035810807661912,2.1067450003811397,0.168
1.5211358608277992,1.4972421783389323,1.545029543316666,4.184
4.217124081459299,4.1689933350864905,4.265254827832107,5.114
2.1810634817822563,2.141886295721227,2.2202406678432856,1.079
0.5818225168065343,0.5343095412151198,0.6293354923979488,1.346
1.36750615232166,1.3262380175783923,1.4087742870649278,0.436
2.241041090499344,2.2023904695334346,2.2796917114652535,4.8
4.205161252326291,4.160882965951954,4.249439538700628,2.587
3.059208524743243,3.036336888034219,3.082080161452267,3.454
1.9572126095854452,1.9283361843742477,1.9860890347966427,1.355
1.7585895895564954,1.7273065279662156,1.789872651146775,0.251
0.5205297649083336,0.47822356672826444,0.5628359630884028,1.069
2.646283737863611,2.6223731063914077,2.6701943693358143,1.718
1.6521284466097192,1.6132484379672694,1.6910084552521691,0.113
2.294108730473092,2.269287770948755,2.3189296899974288,0.693
2.841157237989526,2.785060439868994,2.8972540361100574,1.318
3.233219122449108,3.190374329659646,3.2760639152385695,2.93
2.619800670755813,2.596527021453498,2.6430743200581275,1.648
3.6052376647373308,3.5590431344770606,3.651432194997601,3.36
1.4347532744930573,1.4038192126773195,1.4656873363087952,0.01
3.563293631028507,3.520116799647433,3.606470462409581,5.012
3.28288251124046,3.24747903331099,3.31828598916993,4.854
1.6949758656566065,1.6601718792143254,1.7297798520988876,1.852
1.552458187384073,1.52004847218084,1.584867902587306,1.86
3.9268249154966575,3.885754357634788,3.967895473358527,4.063
1.805063353928694,1.772869764245465,1.837256943611923,4.54
2.0610564884030844,2.016936492006811,2.1051764847993577,4.443
0.9719944852998311,0.9269355468522221,1.01705342374744,0.945
4.037228184299481,3.991560544787485,4.082895823811477,2.515
2.0833179402297,2.05650350091924,2.11013237954016,1.448
2.3009201198291187,2.281213559498501,2.3206266801597364,0.254
1.369685724072211,1.3362926010872265,1.4030788470571953,0.888
0.4697909796369273,0.4125345602700565,0.527047399003798,0.866
1.1852809833225464,1.1487634113798544,1.2217985552652384,0.418
3.567859271885276,3.5360984130791113,3.5996201306914406,2.07
2.108485340645584,2.080914985209106,2.1360556960820625,2.585
2.368386809162121,2.346630611611604,2.390143006712638,4.182
1.2113994604507892,1.17682897316995,1.2459699477316284,0.647
2.119925435032931,2.083843631226751,2.1560072388391105,0.163
2.086597462765738,2.0486544994863194,2.1245404260451566,2.328
2.5772377347617135,2.3808336015882947,2.7736418679351322,2.304
1.574400835331282,1.5401684982637467,1.6086331723988172,2.269
3.2156513217432887,3.1822195394911077,3.2490831039954697,3.728
1.3965940616138879,1.3637968538936582,1.4293912693341175,0.233
1.8349546734271334,1.7917507850956897,1.878158561758577,2.175
1.9245282653725644,1.891251297027088,1.9578052337180407,2.038
3.598774462546585,3.55757381528115,3.6399751098120205,4.955
2.054817226422279,1.8580779367632716,2.2515565160812865,2.219
1.7762472033532,1.7431234983616635,1.8093709083447365,4.952
2.9337208249499307,2.905245573207462,2.9621960766923996,2.985
2.2266523030467256,2.1898823409497625,2.2634222651436886,1.667
2.456773713165327,2.4313837099217017,2.482163716408952,0.967
4.093506268746109,4.04564380878961,4.1413687287026075,4.211
2.612928770315179,2.5685161840286903,2.6573413566016675,1.995
2.6147575350303636,2.5818093642941125,2.6477057057666147,0.658
2.3762872706193408,2.3345363446746554,2.418038196564026,2.939
2.52909012661357,2.489320711714528,2.568859541512612,2.199
1.8352186471864476,1.8083245734096869,1.8621127209632082,1.628
2.0462586811268952,2.019451486770552,2.0730658754832385,1.002
2.2383863964872845,2.1966166240777762,2.280156168896793,2.4
2.059522574127823,2.026882511172368,2.0921626370832778,4.738
2.6534440291094072,2.6118099133344232,2.6950781448843912,2.763
1.535947232617804,1.5115627511676513,1.560331714067957,0.713
2.115496200021334,2.0832364220772432,2.1477559779654247,1.553
2.7851937901120647,2.7434125540395677,2.8269750261845616,3.082
3.770191429613036,3.7231084168806508,3.817274442345421,5.039
1.7048294069819092,1.6724891110574265,1.737169702906392,0.169
1.168890931508167,1.1311476674981191,1.206634195518215,0.111
2.161905654453064,2.125986728293021,2.197824580613107,4.939
3.805582114301241,3.7642686778731336,3.8468955507293487,2.401
2.870422009420334,2.837213982819603,2.903630036021065,2.759
2.3623991363846284,2.329079978259489,2.3957182945097677,2.564
1.5400169391704057,1.491009609082307,1.5890242692585044,0.751
1.8198253066075862,1.7856934836255967,1.8539571295895758,2.246
1.930407069224108,1.911251697928485,1.949562440519731,0.179
4.303869092667596,4.262568282112128,4.345169903223064,4.707
1.7818234401661635,1.7508888004847993,1.8127580798475276,1.54
2.7840373749936207,2.7577416186215835,2.810333131365658,6.05
2.378198087834027,2.3430075255865854,2.4133886500814685,2.207
3.4983188368494855,3.4576168991909046,3.5390207745080664,5.459
2.0128683922933734,1.979765590613877,2.04597119397287,0.214
2.6647440346463904,2.6325146215620028,2.696973447730778,2.493
1.2244048321127348,1.1962545909529732,1.2525550732724964,0.551
3.569515017790912,3.5243689762325316,3.614661059349292,4.045
2.514383480720387,2.4916916189867266,2.5370753424540475,0.78
2.413110280477884,2.376238889921024,2.4499816710347444,0.67
3.826872025201826,3.7854403402213284,3.868303710182323,2.463
2.588192246340063,2.5279306150431764,2.6484538776369493,1.012
2.9152283844838878,2.884365363263502,2.9460914057042737,4.354
0.35034760454989455,0.30418880826252814,0.39650640083726096,0.377
1.8604400368572194,1.8406219272418713,1.8802581464725674,4.865
3.667651136586569,3.6285817629276016,3.7067205102455363,3.272
2.317402431183511,2.2857705339117684,2.3490343284552537,1.745
2.0377135165662392,2.0043605602106207,2.0710664729218577,0.627
1.892324117832967,1.8484137932589895,1.9362344424069446,4.884
2.102902802951279,2.0590546248880774,2.1467509810144807,1.392
3.54709236134793,3.5050281051857235,3.5891566175101364,5.298
4.073102339817118,4.031114851821517,4.115089827812719,2.494
3.519006040335376,3.487831935948157,3.550180144722595,2.811
1.7747504291709733,1.7439069487971504,1.8055939095447961,0.179
1.3797897816892213,1.3455798948758535,1.413999668502589,1.513
1.8463705480373178,1.8129311099530943,1.8798099861215414,1.262
3.229374328303686,3.1925514626411027,3.2661971939662693,3.821
2.5546099116747234,2.5240922175355887,2.585127605813858,3.639
1.3410165527242155,1.314712586790288,1.367320518658143,0.153
2.31801650185863,2.281003581738771,2.3550294219784886,3.678
3.403089576597039,3.3700776865924897,3.4361014666015883,2.736
2.7436299384085756,2.7104153245157634,2.776844552301388,2.512
0.8364155064042433,0.7954552820705423,0.8773757307379444,0.046
1.0453534593943203,1.0047451629475181,1.0859617558411225,1.585
1.676918957115815,1.6493266723299005,1.7045112419017294,4.738
1.964712392735026,1.9355328484733556,1.9938919369966965,1.94
3.606056470919164,3.565778062652339,3.6463348791859884,3.953
1.596315414718722,1.562724363458729,1.629906465978715,3.572
3.6782680938425436,3.6387717287733095,3.7177644589117778,4.692
1.719865689046739,1.6699852762888376,1.7697461018046403,2.397
1.3699732582290085,1.3334054336558563,1.4065410828021607,1.768
1.9174452690152126,1.8917488773152105,1.9431416607152148,1.603
3.9568018990215985,3.91168260262609,4.001921195417107,4.378
1.6573241477195209,1.623492376547859,1.6911559188911827,1.369
1.6159788522324856,1.5730998783132735,1.6588578261516977,2.151
1.9096383625911804,1.8744338080448186,1.944842917137542,0.176
1.5324377640628688,1.4867981428933637,1.578077385232374,1.059
2.093154835697093,2.062367347512155,2.123942323882031,2.269
2.089513595554605,2.068776985463041,2.1102502056461687,0.153
3.6967170546467645,3.6545497321052047,3.7388843771883242,2.617
1.4500661651555888,1.4150190323872247,1.485113297923953,1.671
3.3098002001078544,3.277928194281877,3.3416722059338317,2.475
2.1982557901881643,2.167282357552297,2.229229222824032,3.78
1.9046331947745927,1.8768789004845543,1.932387489064631,4.751
2.7154630829341326,2.673616915204773,2.7573092506634924,3.125
1.6813439111622297,1.6453030674933247,1.7173847548311347,2.406
2.1629922247276645,1.9654805405936255,2.3605039088617037,2.554
0.9970573652551904,0.95273695764822,1.0413777728621607,0.458
1.923920464283549,1.8862020298771263,1.9616388986899718,1.699
1.825334450710592,1.7797184220242102,1.8709504793969738,1.968
2.204429457281785,2.1763971445292025,2.2324617700343676,1.687
2.3796516622300463,2.346028250862219,2.4132750735978736,1.97
1.3383413880479167,1.289736754014477,1.3869460220813563,2.914
2.1676546961948255,2.1149909942637857,2.2203183981258654,2.857
0.9473930732751257,0.9092178561447702,0.9855682904054811,0.2
1.831895828339499,1.782541453019707,1.881250203659291,0.196
2.4084095797972873,2.370607234184295,2.4462119254102794,0.23
2.2955939935486285,2.267362109699956,2.323825877397301,0.142
1.7379389434586288,1.6960847844206781,1.7797931024965794,1.796
2.5798807934202976,2.5474684246879185,2.612293162152677,0.025
3.5898847497580633,3.5573190505065027,3.622450449009624,4.47
1.578768373875477,1.5402848343110187,1.6172519134399352,2.214
2.0788516744420535,2.039833839233,2.117869509651107,5.012
1.7924470024602106,1.7587922212084781,1.826101783711943,1.56
0.14636236551915816,0.09354276139766002,0.1991819696406563,1.031
1.627758318556577,1.592832813747677,1.6626838233654768,0.031
1.5167929601394077,1.477545987782848,1.5560399324959673,0.653
1.6327407868869548,1.5986517893464436,1.666829784427466,0.01
1.961140491678219,1.927847476428221,1.9944335069282169,1.825
1.5273448910035101,1.4898855172892156,1.5648042647178046,1.815
3.6894535389675593,3.6498174774610104,3.7290896004741083,2.806
1.2725069987266588,1.2372254081777851,1.3077885892755325,1.658
3.773704578320706,3.7406154575531785,3.8067936990882334,3.048
2.629410402439857,2.5863392352892056,2.6724815695905084,1.971
1.7572643271481512,1.7072825048320235,1.8072461494642789,1.961
1.2471981459429258,1.202683809950757,1.2917124819350945,1.018
1.2690174727202346,1.2341692169729657,1.3038657284675035,0.178
1.5823220082453444,1.5486511298092476,1.6159928866814413,1.743
2.9909915932320335,2.9532425784438905,3.0287406080201764,3.877
1.6215355266082354,1.590449573051642,1.652621480164829,0.787
2.624125125024207,2.595829846352464,2.65242040369595,4.634
3.273754496087265,3.238485622657923,3.309023369516607,2.172
1.1528763406984606,1.110505492271891,1.19524718912503,1.043
1.6016208747455116,1.5650826895382521,1.6381590599527711,0.623
2.0289578575027374,1.9980686686413738,2.059847046364101,1.83
1.4302787039382947,1.3981336431914992,1.4624237646850902,0.052
1.3519207900832912,1.3157965782320533,1.3880450019345292,1.854
1.8422820544162732,1.8114526975167538,1.8731114113157927,4.172
0.984054737343143,0.9308706234950415,1.0372388511912445,0.029
2.141335983257957,2.1160972786896015,2.1665746878263126,4.728
4.1460317723040765,4.098872210873423,4.19319133373473,2.605
2.2594735244256237,2.226696895896658,2.292250152954589,0.177
3.6722739542201337,3.6367924719545424,3.707755436485725,2.244
1.1017766763516594,1.0661842466721803,1.1373691060311386,1.525
3.814250492265486,3.768012143796719,3.860488840734253,2.632
2.7599059346425436,2.7188660098303123,2.800945859454775,4.869
1.860484328951337,1.814810630454701,1.9061580274479732,1.734
1.724023240890778,1.6955325715138758,1.7525139102676803,1.959
1.57993362167026,1.381661798582355,1.778205444758165,1.756
1.2966543996410598,1.2481702764372644,1.3451385228448551,2.014
1.9256436577899456,1.9003602134578248,1.9509271021220664,0.572
2.2523971150087783,2.2270740674013574,2.277720162616199,1.366
4.134282482999167,4.084581986446704,4.1839829795516295,2.51
1.7279261040195073,1.6855725836877413,1.7702796243512733,2.359
3.2163013490038557,3.176310557164761,3.2562921408429504,2.425
3.2581738886074962,3.2285177838809123,3.28782999333408,2.507
2.568171015551631,2.532880064436167,2.603461966667095,0.769
2.39009454024548,2.368827985250513,2.4113610952404465,4.25
1.771096795969819,1.7420774474063696,1.8001161445332683,1.418
3.337273120696609,3.3001968731113362,3.3743493682818815,2.813
2.6340641280492694,2.6061618703085343,2.6619663857900044,3.695
1.5803861754431383,1.5442722408372989,1.6165001100489778,0.395
2.249291221876399,2.2162440127114738,2.282338431041324,5.044
1.0942079159917084,1.0596036003745415,1.1288122316088753,1.885
4.239129275266734,4.1985689833547735,4.2796895671786945,2.638
1.737278457457747,1.695164452012447,1.7793924629030469,0.69
2.491508817329716,2.45932290413247,2.523694730526962,0.621
1.3401255970552128,1.3037795422572338,1.3764716518531919,3.161
1.6930422559360807,1.6623405958383317,1.7237439160338297,1.917
1.7085024835216316,1.673361148283771,1.7436438187594923,2.734
1.9408772188081564,1.8877982209881266,1.9939562166281863,1.418
1.0406295069394755,1.0044390840046113,1.0768199298743397,1.599
2.1879168575240477,2.1638638109460633,2.211969904102032,0.279
3.180508378558752,3.143982350363762,3.217034406753742,4.495
1.5373839686404465,1.5002949007002588,1.574473036580634,1.256
2.4320588709306152,2.399948853694976,2.4641688881662547,3.032
2.0224068045571055,1.9950624997924706,2.0497511093217406,2.449
1.532198050299093,1.4990149704363909,1.5653811301617953,1.687
2.105548304466089,2.075996737499139,2.135099871433039,4.856
1.913107549942971,1.8843253248519578,1.9418897750339843,4.232
1.1802264146407044,1.1441661848637836,1.2162866444176252,3.139
0.985769748310369,0.9514233086003281,1.02011618802041,0.56
3.5880848265622194,3.5532794939609027,3.622890159163536,4.943
2.00708587683196,1.9694183703924526,2.044753383271467,2.958
1.2351704927349156,1.1903246835102577,1.2800163019595736,2.55
2.201774717134769,2.174372178219012,2.2291772560505256,1.606
2.3958796550702157,2.3607753739377917,2.4309839362026398,0.073
2.502073173010727,2.4738617277520074,2.5302846182694463,4.098
1.6885883283409764,1.6493811853313955,1.7277954713505572,1.525
3.1019875703179096,3.05589983740366,3.1480753032321593,1.485
2.077823761241265,2.0442239717465247,2.1114235507360055,0.593
2.072388440374389,2.034816937164077,2.109959943584701,0.908
2.19023509196926,2.1715449936753997,2.2089251902631206,2.576
2.1291570925597556,2.092488420196176,2.1658257649233352,0.185
2.1461213710192593,2.0866035544406305,2.205639187597888,2.052
2.312021503530547,2.2923352830317687,2.3317077240293256,1.692
3.2915984844498167,3.250233997540667,3.3329629713589664,2.618
2.080498527698829,2.0528520254239706,2.1081450299736875,1.6
2.301839719186841,2.2663171125263477,2.337362325847334,4.611
2.7080469115195482,2.6749678588370176,2.741125964202079,4.985
2.978305759139942,2.9517657168711438,3.0048458014087407,2.695
4.114838345894064,4.065772115879928,4.163904575908201,2.693
2.264185262963306,2.236459641938712,2.2919108839879003,0.224
1.5662366805917864,1.5275620730035617,1.6049112881800112,1.994
1.9291869698857362,1.902154603452017,1.9562193363194555,2.781
1.6815070628596132,1.6489093870427152,1.7141047386765111,0.054
1.6971856394629787,1.6576289068492178,1.7367423720767396,0.583
2.365398136716284,2.3222650094869244,2.4085312639456435,1.91
1.7325274754355469,1.7091263597834243,1.7559285910876694,2.258
1.381454774671517,1.3410230642855465,1.4218864850574873,1.082
3.34320204114471,3.303867932281348,3.382536150008072,4.14
2.1776682090145654,2.1342963116024483,2.2210401064266825,0.236
1.7139898935657272,1.677759397946927,1.7502203891845274,2.772
2.0791731924553445,2.048487732619556,2.109858652291133,0.77
1.9219296457708877,1.8914523340887899,1.9524069574529854,0.015
1.9443252703024925,1.91074698042957,1.977903560175415,2.496
2.3719383711490307,2.3465221007097354,2.397354641588326,0.83
4.378126887152853,4.335331501998322,4.420922272307385,4.877
2.1552665493674894,2.1275173633778026,2.183015735357176,0.542
3.619935358797317,3.5848580881118632,3.655012629482771,4.418
1.2436662875772624,1.214074838431335,1.2732577367231899,0.672
1.2798625262973145,1.2377405872810905,1.3219844653135384,1.794
1.445277178732812,1.404287611807262,1.486266745658362,0.588
1.8993452943060587,1.8615395503711312,1.9371510382409862,3.917
1.7244032401524347,1.6793480927747697,1.7694583875300998,0.22
4.0888312309860835,4.0388335854994155,4.138828876472751,2.703
2.3723844074906117,2.348910794293878,2.3958580206873457,5.175
4.387455824801771,4.344501496986835,4.430410152616707,4.513
1.5887979705665454,1.5505691960623447,1.627026745070746,0.142
3.7198108888358177,3.6781742636164614,3.761447514055174,4.344
2.45673943818174,2.43439933325876,2.47907954310472,0.259
1.2376510648311676,1.2063680215340586,1.2689341081282766,0.203
2.2210397014996257,2.176347126526848,2.2657322764724035,2.178
2.348702660191515,2.3204996089456005,2.3769057114374297,2.545
2.399344009770209,2.370480881033535,2.4282071385068824,2.451
3.4877822610225273,3.4401782986218423,3.5353862234232123,3.177
1.9817788093553317,1.9375992735582483,2.025958345152415,2.129
2.3999347332817407,2.3602967663816385,2.439572700181843,1.003
2.5130394101354128,2.494283315321661,2.5317955049491645,3.77
2.0763558649415477,2.0355749449858727,2.1171367848972227,1.873
2.001833968414031,1.9673833794286975,2.0362845573993646,0.53
1.5550645836173922,1.5198217332333894,1.590307434001395,0.648
1.7663322632032843,1.7255141309783815,1.8071503954281871,3.08
0.2610036065395822,0.2075140721384992,0.3144931409406652,0.014
1.7338348056317208,1.6988694895633494,1.7688001217000922,0.069
1.8130977965526358,1.7764696568667158,1.8497259362385559,2.36
2.427867364042878,2.387011932845497,2.468722795240259,1.77
2.2354072956530513,2.214533262287475,2.2562813290186274,1.598
4.243230997949626,4.202978293936601,4.28348370196265,2.382
1.6493803119395145,1.6219443884144797,1.6768162354645493,0.583
1.453078346677347,1.4161928518037394,1.4899638415509544,3.62
1.1093844737727585,1.0704453899139201,1.1483235576315969,1.643
2.730386961719108,2.6874278179739366,2.7733461054642796,0.053
1.6362037129586748,1.5982440730619327,1.674163352855417,0.814
0.9664515294142116,0.9216077908018142,1.011295268026609,0.555
2.416126917511276,2.374872019969052,2.4573818150535,4.459
1.4769470126331012,1.4309717826338366,1.5229222426323659,2.123
3.4978922395183876,3.4673320311963804,3.5284524478403947,2.159
1.76659326479707,1.7166920261602625,1.8164945034338773,0.315
2.1194425286823972,2.0872374920294017,2.151647565335393,0.553
0.9396880687054944,0.9014424757455544,0.9779336616654344,1.577
1.6316784423921153,1.5945999658728096,1.668756918911421,1.638
3.169572089317514,3.1274330806543915,3.2117110979806363,3.108
2.366213592733901,2.3284071012559586,2.4040200842118438,1.5
1.2941305033447985,1.2491141172484173,1.3391468894411798,1.782
2.063993506465271,2.0348960114072385,2.0930910015233035,0.01
2.679973015719423,2.6492952813548483,2.710650750083998,3.669
3.23486087730796,3.1929005465412468,3.276821208074673,4.182
1.6919804499499267,1.6679987615169853,1.715962138382868,3.606
2.428827499773063,2.4010122003474814,2.4566427991986446,2.347
2.3585080000056826,2.3364556918435606,2.3805603081678046,1.864
3.8079966962022413,3.7650906648765963,3.8509027275278864,2.178
2.2700330938567626,2.244611644863394,2.295454542850131,4.963
3.255795588695282,3.22206306621954,3.2895281111710237,4.77
2.6153074010843076,2.574126857553857,2.6564879446147582,3.484
2.095119063938033,2.060497381426563,2.129740746449503,0.71
3.297021229395671,3.2602545278121804,3.3337879309791614,2.669
3.5114611563802334,3.474268052351112,3.548654260409355,4.278
2.188972868042097,2.1692857725433763,2.2086599635408177,2.859
2.8158795605360547,2.774836254027623,2.8569228670444864,0.711
2.5095348414458023,2.4737389629078432,2.5453307199837614,1.904
1.367080972830359,1.33323074110458,1.400931204556138,0.866
2.725138609030242,2.702899852802623,2.747377365257861,2.643
2.0389860703534106,2.000412184104784,2.077559956602037,5.549
3.140039340842095,3.0959192311210164,3.184159450563173,2.944
1.3132234874311879,1.286599437653193,1.3398475372091827,1.706
2.470486380192861,2.4348715104967047,2.506101249889017,2.068
1.873382710814979,1.8468127870655073,1.8999526345644506,0.904
1.7199514107720777,1.6891907354678417,1.7507120860763137,1.537
2.527912037221977,2.5019229846237843,2.55390108982017,3.171
2.7251580940372606,2.6986694671184104,2.751646720956111,2.547
2.2695102081256637,2.241101674969352,2.2979187412819755,6.204
1.0682835765584442,1.0287168310975259,1.1078503220193625,1.667
1.514746871461303,1.4874664279627205,1.5420273149598855,2.637
1.673303888307885,1.6225698841938956,1.7240378924218744,0.85
3.3329243175037755,3.2886783302813702,3.3771703047261807,4.056
1.1090046170422119,1.0657566711057103,1.1522525629787135,1.581
3.862957029373266,3.8175310725619678,3.908382986184564,2.349
1.5464140223845264,1.5118457511183492,1.5809822936507036,1.031
1.8302566600516863,1.8008846404426688,1.8596286796607038,5.172
2.6531897707665926,2.6210853266367287,2.6852942148964565,4.15
0.9518591912066345,0.9200163323770328,0.9837020500362362,0.699
2.542312207656506,2.5115055377732,2.5731188775398124,2.161
1.4083560466783127,1.3731731652564227,1.4435389281002027,0.039
1.2255619764452486,1.1863218193714742,1.264802133519023,0.136
2.7214579636293244,2.6783146095192043,2.7646013177394444,2.134
4.484919084111074,4.433119385695306,4.536718782526842,5.29
3.119909202523385,3.0755703056968735,3.1642480993498965,5.217
2.285365220087415,2.24819881579547,2.32253162437936,0.623
3.961677698342213,3.917029253965111,4.006326142719314,2.876
2.1769593439553483,2.1411557014338927,2.212762986476804,2.224
1.8372361620200959,1.802827975017902,1.8716443490222898,2.249
2.088502130104263,2.057854565674899,2.119149694533627,4.135
1.3842345734435377,1.3369050879409687,1.4315640589461067,0.154
2.825948049614933,2.7734568239089756,2.8784392753208903,2.296
1.2132743370748529,1.1733491335807213,1.2531995405689844,2.99
1.4874010001856532,1.4499545972697256,1.5248474031015808,1.622
4.019608773020691,3.9784836910028885,4.060733855038493,3.911
2.0553626412677186,2.030535974638151,2.080189307897286,0.767
2.848181112730224,2.8238236558727206,2.8725385695877277,4.74
1.004336384084776,0.9643195918042844,1.0443531763652678,1.25
3.8172290283735975,3.777979136045165,3.85647892070203,3.409
1.1898977380702196,1.1393017644299535,1.2404937117104857,0.831
3.434845519874464,3.40092728000964,3.468763759739288,3.207
2.2340340846972886,2.205675128567915,2.2623930408266624,1.519
2.321669388329829,2.2745702344146155,2.368768542245043,1.488
2.4487600517040686,2.418523269549443,2.478996833858694,2.429
1.8728165424139016,1.8310066842554567,1.9146264005723466,0.772
2.3422386817932206,2.3139245990720108,2.3705527645144304,2.172
1.380802987797213,1.3435422073387215,1.4180637682557045,1.464
2.0320510867623955,1.9961491212484643,2.067953052276327,3.608
1.4525887341492394,1.4243299611236506,1.4808475071748282,0.244
2.35954021253619,2.3242969870872807,2.394783437985099,0.167
3.4296914797470897,3.3905234272046543,3.468859532289525,2.588
2.8010652766332513,2.76015151820938,2.841979035057123,5.0
1.7828481470076332,1.7544222057149554,1.811274088300311,3.043
4.364751153208741,4.318215089289969,4.411287217127513,5.231
3.400237845688161,3.3725340800314667,3.4279416113448553,2.941
2.5292407299387665,2.498588849021253,2.55989261085628,0.23
4.559570023454382,4.50469032106303,4.614449725845735,5.54
1.2548169938651,1.220128773069476,1.2895052146607238,1.51
1.5064402990552082,1.4742077799189885,1.5386728181914278,0.666
1.7839622253003329,1.7487177040514925,1.8192067465491732,4.896
1.3439932671719255,1.290790366752664,1.397196167591187,1.84
1.7711357193858974,1.7417345706463416,1.8005368681254532,0.039
1.4986223913844834,1.4553350875001083,1.5419096952688585,0.138
2.3566553834337745,2.325824553998901,2.387486212868648,4.828
1.0818224683834903,1.03808070646898,1.1255642302980005,0.925
3.2544516424054315,3.2084099729706836,3.3004933118401794,3.649
2.8440855632471527,2.7987394866453057,2.8894316398489996,2.769
0.35512587638656784,0.3000357312322835,0.4102160215408522,0.766
1.7716128476457902,1.740358220100651,1.8028674751909293,1.259
1.3483390412856695,1.3225548332665908,1.3741232493047482,0.171
1.937561596148744,1.9059673715653849,1.9691558207321032,1.794
2.0767557036380233,2.0444357099638903,2.1090756973121563,0.19
3.555625863687911,3.510905274959578,3.600346452416244,2.803
2.5718861542379603,2.5168458715364683,2.6269264369394523,2.102
1.1051655730884624,1.067192924967987,1.1431382212089378,0.179
3.15851263221609,3.1179751822188977,3.1990500822132826,2.697
1.5160293558928042,1.4835284465502616,1.5485302652353468,0.18
2.666835747917702,2.621447619756916,2.712223876078488,0.717
2.0683196786789515,2.0395808716551924,2.0970584857027106,0.54
1.8715787273452305,1.8486151392819823,1.8945423154084786,1.021
3.623641763396283,3.588884971788758,3.6583985550038083,4.469
1.7960552817536646,1.7682296844238807,1.8238808790834484,1.542
3.9040957752692456,3.8634364608060134,3.9447550897324777,2.54
2.93167040371811,2.890642556724812,2.972698250711408,4.471
2.1813474409037696,2.1628193617727844,2.199875520034755,4.373
3.276728493336968,3.237717959018607,3.315739027655329,4.936
2.121551348417234,2.096514354961512,2.1465883418729557,3.156
2.1845333116248176,2.1514902492627725,2.2175763739868626,0.661
3.0786696399003746,3.035414582115234,3.121924697685515,4.547
2.5859137971459005,2.546982411555416,2.6248451827363852,4.015
1.9197903325308623,1.8915449441260803,1.9480357209356443,1.368
2.3806861344723718,2.3517681267986124,2.409604142146131,1.588
2.666445359000405,2.6431475790638737,2.689743138936936,1.06
2.5468769660982953,2.521247148801467,2.5725067833951236,5.074
1.3410780242455478,1.3144245518612512,1.3677314966298444,1.99
3.2491249461924685,3.2220237635096054,3.2762261288753316,2.45
2.1107145577905246,2.0865689930741214,2.134860122506928,1.055
2.7110689272894826,2.6742034661580543,2.747934388420911,4.7
2.9752229531554413,2.922882151379216,3.0275637549316667,2.633
3.5366294027193805,3.4926779537972164,3.5805808516415447,2.106
3.9577261518698696,3.910973815134417,4.004478488605322,2.486
2.3975875896587806,2.361773751471361,2.4334014278462,0.608
1.5687886653653342,1.521191568216026,1.6163857625146425,0.773
2.2532203946811333,2.225621173084202,2.2808196162780647,3.061
2.9599398948758218,2.929079199085612,2.9908005906660313,2.38
2.0148260282687795,1.9759621063294197,2.0536899502081396,1.594
3.133231553350086,3.0977298790174705,3.1687332276827016,2.632
1.3794385450567648,1.343109971849987,1.4157671182635425,2.384
0.8700735303008609,0.828206297981325,0.9119407626203968,0.862
3.7090252772009284,3.6675454878948908,3.750505066506966,4.703
1.3611395910933775,1.3269086145272324,1.3953705676595225,2.011
2.7704699778311754,2.7343436358215096,2.8065963198408412,4.1
2.586970858560507,2.562888188761331,2.611053528359683,1.894
1.673651317630153,1.641772969776116,1.70552966548419,1.301
3.5482011659761543,3.504239918983115,3.5921624129691936,4.657
0.23404022797806603,0.1862501847859656,0.28183027117016646,1.051
4.186110934713902,4.144275005841206,4.227946863586598,4.238
1.9826812028624974,1.9543190917491247,2.01104331397587,1.369
1.956298939570771,1.934822455502589,1.977775423638953,1.578
2.301291198414397,2.2699186661259514,2.3326637307028424,4.838
2.3578815598526552,2.3237396676122666,2.392023452093044,3.384
1.7116769273314145,1.680475773201592,1.742878081461237,0.146
1.869898169037341,1.8359259603721376,1.9038703777025445,4.02
0.5129433860727604,0.45848792202732014,0.5673988501182006,0.324
1.9618554179062362,1.921020573192433,2.0026902626200394,1.376
2.2427238583962756,2.209891716027084,2.275556000765467,3.197
1.471790008656102,1.4361661656042937,1.5074138517079103,0.545
3.9868987389200843,3.939750223855575,4.0340472539845935,2.792
1.8078044283989163,1.771494778702414,1.8441140780954186,4.667
2.051482414324493,2.019342412710168,2.083622415938818,0.242
1.7473455850130744,1.7191291249962612,1.7755620450298875,4.437
4.093953402977726,4.041024858903677,4.146881947051774,2.788
1.4957709001328439,1.458348655927463,1.5331931443382247,1.83
2.088126999956504,2.068128511991036,2.1081254879219724,4.212
2.960436282264849,2.9209061197009496,2.999966444828748,4.169
0.7908631418134323,0.7531289953468348,0.8285972882800299,0.484
1.3142412453184182,1.2726988540992836,1.3557836365375528,1.227
0.8303956665110236,0.7884932083442507,0.8722981246777964,1.11
1.6773671248862698,1.6501631315974865,1.7045711181750531,3.311
1.3208852695121198,1.2792867561682237,1.362483782856016,1.811
2.3073884755887506,2.275302522087218,2.3394744290902834,2.748
2.145963210268199,2.1268406502103434,2.1650857703260544,2.359
3.3379294541536737,3.3092501499579257,3.3666087583494217,3.791
1.343971585219854,1.3049318590996672,1.3830113113400406,0.01
2.4557628775420217,2.4275313092904613,2.483994445793582,1.472
1.7057453648545977,1.6605484980879397,1.7509422316212557,0.277
1.5276468328101058,1.498482261119217,1.5568114045009946,4.019
2.8991659041825497,2.866831339813827,2.931500468551272,3.447
3.6609054085173818,3.6203490914065495,3.701461725628214,2.417
1.9007456002069345,1.8618596349333936,1.9396315654804754,4.848
0.4059245897804717,0.36288667082587217,0.4489625087350712,0.171
3.578077121854574,3.5385340302024773,3.6176202135066706,3.294
1.226394136260895,1.17786467588445,1.27492359663734,0.392
1.2458352457427908,1.2115945780863646,1.280075913399217,1.836
1.6158662027064052,1.5849129451923178,1.6468194602204926,2.743
1.0836387801355711,1.0371436888643175,1.1301338714068248,1.218
1.3818791391195306,1.3455241197382701,1.4182341585007912,1.475
0.9963546765152218,0.9611878395939866,1.031521513436457,1.288
2.48081640197213,2.4458415020558575,2.515791301888403,1.853
1.897091214487794,1.8620899738432137,1.9320924551323744,0.479
0.842172298882484,0.8051475503744128,0.8791970473905553,0.772
2.537936752273835,2.4749378664922417,2.6009356380554283,1.166
3.1419604300696586,3.097602952311061,3.1863179078282564,5.105
2.3014123637260164,2.2687795392942927,2.33404518815774,0.209
1.30473089921513,1.2483837665318762,1.361078031898384,1.523
1.1791968668414048,1.1343082567699334,1.2240854769128762,0.526
2.0724602281147964,2.0446795366336694,2.1002409195959233,1.756
1.2628489454358904,1.2208694963285658,1.304828394543215,0.683
3.024583387394838,2.99284187451322,3.0563249002764556,4.872
1.6441453020861148,1.612117347628602,1.6761732565436276,1.539
1.9148299755379796,1.8735994933753213,1.956060457700638,0.588
4.036829118562579,3.993203153342995,4.080455083782164,2.59
1.0266788652748837,0.9804047173952848,1.0729530131544827,0.512
2.403731358991731,2.379536086592944,2.4279266313905183,1.821
1.8326768691864401,1.813276225812258,1.8520775125606224,2.824
2.6474142139026564,2.604169079176622,2.690659348628691,1.945
3.612153191950271,3.5720094271441587,3.652296956756383,4.405
0.9647859402145221,0.9241864132550458,1.0053854671739983,1.604
1.692420216566984,1.6660310371783098,1.718809395955658,3.595
1.4185109653510592,1.3790241404678234,1.457997790234295,2.074
2.192581326348507,2.168541266409155,2.216621386287859,3.543
2.0406796649407117,2.0026870447876677,2.078672285093756,4.581
1.9284982634712544,1.8867835454713457,1.970212981471163,0.539
1.4477220932236115,1.4178128824033287,1.4776313040438942,0.134
3.529439676460756,3.4999312625016845,3.558948090419827,2.458
1.4114433103800472,1.3743030681661237,1.4485835525939708,0.613
1.8387229864634838,1.8040563005288484,1.8733896723981192,0.757
1.476961672851097,1.4522978504061521,1.501625495296042,1.538
0.4241323641347381,0.37689383042433144,0.47137089784514474,0.116
0.8817048235800748,0.8403439685876821,0.9230656785724676,1.273
2.9639452926768675,2.9327029289832782,2.9951876563704567,4.773
0.7834476312640267,0.74403278871553,0.8228624738125234,0.044
1.2046293237900796,1.1666674598041744,1.2425911877759848,1.622
3.2724862916240407,3.23821485009058,3.3067577331575015,2.499
2.0651680227503375,2.0341823180249294,2.0961537274757456,0.06
0.4346123874298133,0.3887660184942218,0.48045875636540475,0.972
3.2876111059442468,3.244809795064319,3.3304124168241747,3.346
0.8047806274472284,0.7575517078703179,0.852009547024139,0.598
2.3990641161190775,2.355826095770531,2.442302136467624,1.817
1.7234282183263698,1.6913834904166598,1.7554729462360799,0.222
2.2895515741263663,2.2613362478007497,2.317766900451983,0.868
4.035488322104135,3.9900623574233576,4.080914286784913,2.856
2.074338612329208,2.0289840980502376,2.119693126608178,2.34
1.7325144805674892,1.699782966983575,1.7652459941514036,0.247
1.1611184383992972,1.1175325849556996,1.2047042918428947,0.397
1.9444024871593182,1.9069744351781512,1.9818305391404851,1.687
2.220463858768819,2.1897337562158237,2.251193961321814,0.54
4.084555686097352,4.039838164343448,4.129273207851257,5.23
1.9165380475995974,1.8733420434157328,1.959734051783462,3.347
1.5181344957418756,1.4834170335120462,1.552851957971705,0.602
2.732031134065997,2.6921463716664453,2.771915896465549,2.265
1.9741970414833336,1.9520578974147835,1.9963361855518837,0.788
0.40191632153507756,0.3555338785789961,0.448298764491159,0.359
2.208536686974292,2.16724173844476,2.249831635503824,2.039
3.338515451329644,3.305541995310385,3.371488907348903,5.252
1.5324375969639292,1.4946501330052413,1.5702250609226172,1.861
3.0690791853144805,3.0361129914837286,3.1020453791452325,2.265
1.005560951717191,0.9681325454301021,1.0429893580042802,1.942
2.1985447145527592,2.1611012567033843,2.235988172402134,3.741
3.076059707042374,3.0326974286348727,3.119421985449875,2.424
2.4721038461602602,2.4419840043648886,2.502223687955632,4.633
3.1717741698291455,3.139297118383028,3.204251221275263,2.98
2.4534373696076277,2.3955493758567354,2.51132536335852,1.279
0.7402699669270121,0.7000586921166663,0.7804812417373579,0.908
1.8768171412122827,1.8414380709184932,1.9121962115060722,1.924
1.7985427084850527,1.7714736076974846,1.8256118092726208,4.078
3.2704598840031114,3.2292551309470467,3.311664637059176,3.898
2.81999416330657,2.786612714724951,2.853375611888189,2.941
1.816936118389692,1.782806122515152,1.851066114264232,0.032
1.7239021583245093,1.6852300484109806,1.762574268238038,0.036
2.9037819377650873,2.867030892006467,2.9405329835237075,4.269
1.974091699538827,1.9355801922882954,2.0126032067893584,0.695
2.6920030754885733,2.660816229445446,2.723189921531701,4.286
0.9613026474507776,0.9233977871241084,0.9992075077774469,1.405
2.2526199794624087,2.231198795450918,2.2740411634738993,0.181
1.8281533164366177,1.804443075904922,1.8518635569683135,1.391
2.2034194205882645,2.17150215513688,2.235336686039649,0.102
3.144869236172572,3.1098603328903796,3.1798781394547646,3.357
1.9918736200341032,1.9639090166259132,2.019838223442293,0.754
2.321158586027346,2.298306311577301,2.3440108604773906,3.628
3.2940214728193706,3.250044143078827,3.3379988025599143,2.403
2.4317276892277784,2.395880807728939,2.467574570726618,3.237
2.140216021416902,2.110746256922094,2.1696857859117102,1.511
2.2491962430158967,2.21646791420726,2.2819245718245336,4.988
2.82451138655598,2.803086507067243,2.845936266044717,5.504
2.34971238427398,2.3196439095228674,2.3797808590250926,4.72
2.33614959906218,2.3007926008044195,2.3715065973199407,4.857
0.8880129086081766,0.839697042597137,0.9363287746192163,0.034
1.5431640118861198,1.5092417075108138,1.577086316261426,2.042
1.8039311783088987,1.7737620593522516,1.8341002972655458,0.657
2.0510812766198954,2.0140682258239804,2.0880943274158104,2.424
3.9687136876229125,3.92091576327065,4.016511611975175,4.814
1.8606636821331957,1.8415232495211908,1.8798041147452005,3.673
1.1405589354385783,1.1017857530974682,1.1793321177796885,2.403
1.2179322650937612,1.1815966242124485,1.2542679059750739,1.431
1.376064750779037,1.338922598287932,1.4132069032701418,1.7
3.2860426411477395,3.24691303732966,3.325172244965819,3.728
1.8401662440488746,1.8136363588787474,1.8666961292190019,2.343
2.175913850764589,2.1367387438848184,2.2150889576443595,0.672
3.8958487169105087,3.8527084160950142,3.938989017726003,4.099
1.5226992359476788,1.4920533100847362,1.5533451618106213,0.049
1.4733127888066717,1.4357515246451182,1.5108740529682252,1.984
2.709163396660103,2.676666301497148,2.7416604918230583,3.982
3.2176735577160205,3.190722492198679,3.2446246232333618,4.463
4.127169263477806,4.08076466912291,4.173573857832702,5.182
1.7134231631048231,1.6667476312710525,1.7600986949385937,1.225
2.5180549357109787,2.4859080975692187,2.5502017738527387,4.582
1.095040887499805,1.0656394998009842,1.1244422751986258,0.877
2.0847874988983497,2.058579947502225,2.1109950502944743,5.699
2.2582331097167887,2.228716820433088,2.2877493990004893,0.201
2.0849847830383372,2.0469345333880975,2.123035032688577,0.21
3.1261533347784076,3.0936417732684536,3.1586648962883617,2.989
2.145906157648106,2.1159499543642726,2.17586236093194,0.487
2.8680944974716174,2.8315501867110746,2.90463880823216,2.146
2.8547707226215704,2.811842328062431,2.89769911718071,2.473
1.9241266828891408,1.8980785298066083,1.9501748359716733,3.981
1.6509035011071669,1.6253991948040718,1.676407807410262,4.182
1.1669339928699127,1.1253813606750767,1.2084866250647488,1.402
2.887654784502734,2.8602079143249868,2.915101654680481,4.583
2.0580978283401867,2.0257839345014386,2.090411722178935,0.603
2.20139901706441,2.176575138223381,2.2262228959054395,0.606
2.554032357459023,2.524379457370264,2.583685257547782,2.168
3.087810428233406,3.0451246583292626,3.130496198137549,2.492
3.788470955087444,3.7454374454135926,3.8315044647612955,3.57
3.015476096342473,2.978922321572357,3.0520298711125893,2.535
1.272816349826138,1.2368942368617517,1.3087384627905243,0.422
3.421443856652359,3.390062294108728,3.4528254191959897,3.671
1.8762247679856803,1.8476692533314374,1.9047802826399232,3.095
1.6434561307379345,1.5960856453264347,1.6908266161494343,0.846
3.5318547220966705,3.4856947100534916,3.5780147341398494,3.121
2.3020457816006465,2.2702451534266537,2.3338464097746394,1.082
0.44276337375174385,0.39176221158724633,0.49376453591624136,0.784
2.360389715270056,2.332027005691285,2.3887524248488274,5.062
4.315077926772943,4.265482009722749,4.364673843823137,2.455
1.442092869389487,1.4017264647744603,1.4824592740045137,2.55
4.4670820862426615,4.414843875707363,4.51932029677796,5.525
3.738605055603784,3.6987364219719,3.778473689235668,2.441
3.159637169397397,3.125596407636727,3.193677931158067,4.176
3.8105289806123914,3.7613351892338622,3.8597227719909206,3.555
1.222211047765599,1.1838974282033516,1.2605246673278463,1.302
1.773805047064061,1.739157026543803,1.808453067584319,0.555
2.075857116978043,2.0464183084645673,2.1052959254915184,0.67
1.5133839538837037,1.4690343869607487,1.5577335208066587,0.188
3.286330849070803,3.2448409199865926,3.3278207781550133,2.581
2.0800395574004433,2.047436933489631,2.1126421813112555,2.17
2.021506776229344,1.9914443975433302,2.0515691549153576,0.03
2.7071883832588233,2.6783617434445572,2.7360150230730893,4.726
2.4429083435276113,2.402570284601896,2.4832464024533265,4.887
1.4726806518425983,1.4303416968772205,1.5150196068079762,1.734
1.7893258044332074,1.7615888267980717,1.8170627820683432,5.208
3.934947391156161,3.891375131577378,3.978519650734944,2.902
2.9549070519369844,2.9262019464020166,2.9836121574719523,4.671
2.1922966967185764,2.1636170884199992,2.2209763050171536,2.229
1.150943896387956,1.1116844158111308,1.190203376964781,1.702
2.2267355686698274,2.183178979001399,2.270292158338256,1.797
1.2238546639692414,1.1760909890520468,1.271618338886436,0.117
2.6981928155266264,2.6551274060725802,2.7412582249806725,2.289
2.3760689534685735,2.344101627794248,2.408036279142899,2.298
2.1251675597942725,2.100501157204891,2.149833962383654,4.266
1.8677970713448644,1.8453028521316317,1.890291290558097,0.543
4.1364999788577705,4.0908375060260225,4.182162451689519,3.792
1.075521475303741,1.038806992772764,1.112235957834718,1.61
2.5292407299387665,2.498588849021253,2.55989261085628,2.798
3.9945923477352676,3.9539479386959684,4.035236756774567,2.908
3.7689656902486277,3.7258223540917013,3.812109026405554,3.942
2.1961828496085816,2.171069609076972,2.221296090140191,1.638
2.7605929072000315,2.7104771750301384,2.8107086393699245,2.051
1.78849914891314,1.7571654062074105,1.8198328916188697,0.757
1.645854876350992,1.615083488004007,1.6766262646979768,1.595
1.587709535759645,1.5519047557828927,1.6235143157363972,0.709
1.9506544513751105,1.9129893320836344,1.9883195706665866,4.022
3.433731519870481,3.395018327145446,3.4724447125955162,4.771
3.6088975128067577,3.5741227354105014,3.643672290203014,5.139
2.54646567926369,2.4962571047332642,2.596674253794116,2.352
1.4186738545502924,1.3862309445939272,1.4511167645066576,2.497
1.6668470774128803,1.6195436830965753,1.7141504717291853,1.83
3.3940651938875193,3.3659583623601743,3.422172025414864,2.935
1.3715305327172378,1.3347513645257474,1.4083097009087282,1.44
1.7756835745296837,1.7321317219471375,1.81923542711223,0.288
2.4192960962394583,2.3947460882043567,2.44384610427456,3.416
3.070142756120722,3.034959356480152,3.1053261557612926,2.384
1.6701058506730249,1.635005629927856,1.7052060714181938,1.621
1.4430143967238467,1.4050218250475597,1.4810069684001337,0.999
2.6700727142837954,2.643954758663782,2.696190669903809,1.935
0.5042250963764471,0.46124231419828715,0.5472078785546071,0.521
0.3496285142043076,0.29674041477246027,0.402516613636155,0.243
1.8749751662529164,1.8422338394941682,1.9077164930116646,1.887
3.6322587803451323,3.5913639219665887,3.673153638723676,3.738
1.7866408591010716,1.758475075825738,1.8148066423764053,1.542
1.0988723848161674,1.0643325626598035,1.1334122069725314,1.56
2.598851362322652,2.556858836083701,2.6408438885616032,1.641
2.0668208331107096,2.030524974640196,2.1031166915812234,1.783
2.4422901064007734,2.399713154837886,2.484867057963661,1.83
0.8149587371016473,0.7656685346746712,0.8642489395286235,1.503
1.8187933285477114,1.7794962359422852,1.8580904211531375,1.526
4.277285130534178,4.22733768255556,4.327232578512796,5.31
1.733435514145482,1.7090810899124753,1.7577899383784887,0.712
1.6778282006433178,1.6414600513864117,1.714196349900224,0.684
2.0338286232215057,1.9979799933968108,2.069677253046201,1.715
0.7947235321189919,0.746080863467603,0.8433662007703808,0.394
3.2586778097229514,3.2124696313321306,3.304885988113772,2.217
1.980897829128409,1.9414194495810575,2.0203762086757604,0.61
3.6337705135869287,3.602718616024208,3.6648224111496495,2.889
-0.05151580469918651,-0.10754987866435176,0.004518269265978737,0.79
2.6902595485338927,2.6493036793561626,2.731215417711623,3.453
1.6504120326977172,1.6193261306780244,1.68149793471741,1.06
2.0550212760952555,2.0205468921953544,2.0894956599951566,1.725
1.9869037918770127,1.9597631182112665,2.0140444655427587,3.035
0.9449228569992211,0.9066907328199068,0.9831549811785354,0.019
1.4418267686678043,1.4064189930948559,1.4772345442407528,0.564
2.1334945544687463,2.103074214498516,2.1639148944389763,4.477
0.5698177376410566,0.5240732626418487,0.6155622126402645,1.002
2.0973113467030777,2.0705842400016103,2.124038453404545,0.692
3.322228531752053,3.293426044209859,3.351031019294247,4.4
2.0084438055857188,1.9824536636138088,2.0344339475576287,1.294
1.3637985791200007,1.3256784416210672,1.4019187166189342,0.01
3.3284212651726266,3.2918270764505038,3.3650154538947494,4.361
3.293283480161903,3.260399678976616,3.32616728134719,2.794
3.3588800169454993,3.3104409421892558,3.407319091701743,3.425
0.9637591480890079,0.9211382453701727,1.0063800508078429,0.728
2.4199557787155017,2.387783856496431,2.4521277009345726,1.039
2.196604265461951,2.1581848846442284,2.2350236462796733,2.562
3.0245147279920013,2.994916740101941,3.0541127158820616,4.216
1.8913786575757592,1.85100701136234,1.9317503037891783,0.595
2.3776639668683512,2.351042907168336,2.4042850265683664,0.082
2.197190827836919,2.165170765023164,2.229210890650674,0.014
2.2489412114465392,2.209022976006553,2.2888594468865255,0.288
3.2092051651146876,3.1702985475319734,3.2481117826974018,4.196
1.7851308019976881,1.7536689387117401,1.8165926652836362,0.183
1.4497659359692514,1.41216535094181,1.4873665209966929,1.853
3.6355077163760954,3.5992874647165234,3.6717279680356674,3.969
4.074469492076652,4.033648853248702,4.115290130904602,2.519
2.222516396184403,2.1852148191560232,2.259817973212783,0.708
2.2561433016009462,2.213703259439737,2.2985833437621555,0.639
2.8595731353551366,2.8203040670608495,2.8988422036494237,1.842
1.6788120402356668,1.635857979521218,1.7217661009501155,2.068
0.2543733061610388,0.20299201189422303,0.30575460042785463,0.843
1.3011565339437774,1.2667811638754718,1.335531904012083,0.186
3.3154124897639994,3.2784058497762087,3.35241912975179,4.676
2.716816874112341,2.6763987086019534,2.7572350396227283,2.99
0.6405078157769556,0.5981162409754601,0.6828993905784511,0.125
2.094627481034863,2.0702367204671734,2.1190182416025527,4.348
2.904528445329827,2.8815867991189994,2.927470091540654,2.755
2.6237909167148517,2.584022079449577,2.663559753980126,2.212
2.259166015566554,2.216609265187292,2.3017227659458155,0.286
0.9496656829985823,0.9079620537166806,0.9913693122804841,0.52
3.9217934369437,3.877856437628167,3.965730436259233,5.319
3.579384346001482,3.5430064787584743,3.6157622132444893,2.347
3.5302437936671014,3.4862602155837052,3.5742273717504975,1.989
1.7762773164702494,1.745045014355613,1.8075096185848858,3.604
1.6272402600138265,1.5911472008909995,1.6633333191366535,1.385
1.3851007586457078,1.3497634797019453,1.4204380375894703,2.11
1.178888506595624,1.135901425318008,1.2218755878732401,0.013
1.4231004160995138,1.3894703283165974,1.45673050388243,0.57
3.3228866838786417,3.293776217059502,3.3519971506977813,2.91
1.040251427939975,1.0029018671871501,1.0776009886928,0.01
2.2941604321369353,2.2619583644846215,2.326362499789249,0.661
1.8785433508036917,1.8495449787627567,1.9075417228446268,1.533
4.157714422003634,4.106267622810313,4.209161221196955,2.867
1.4530380127305609,1.419644646996588,1.4864313784645338,1.977
0.8020819901768537,0.751345739482238,0.8528182408714693,0.696
2.8283941536683193,2.7920985381823047,2.864689769154334,5.449
2.34286396932851,2.304044470969522,2.381683467687498,3.122
2.1946843294535507,2.152025989897134,2.2373426690099674,2.4
1.3005011558555097,1.2596622130554704,1.341340098655549,1.678
0.874684212444402,0.833574973843376,0.915793451045428,1.057
2.462000964741747,2.4306005130319233,2.493401416451571,1.11
4.364651323007324,4.3159336150896275,4.413369030925021,3.381
3.0093592344972255,2.973340838522488,3.045377630471963,3.524
2.202291752808481,2.154738534127838,2.249844971489124,1.452
3.8047563358612537,3.7552329924835988,3.8542796792389087,4.671
1.3619516646841667,1.3106102730958524,1.413293056272481,2.09
2.215554758059529,2.1738394145415754,2.2572701015774825,5.177
2.2010754555739465,2.1675976497584104,2.2345532613894825,1.347
2.390605795632822,2.3509602925999995,2.430251298665645,0.143
2.549068761824511,2.51021364016296,2.5879238834860625,0.721
2.794454250490529,2.769760497372102,2.8191480036089565,2.707
3.882628197393589,3.838671083281839,3.926585311505339,4.636
3.4517818101854,3.4132681536230014,3.490295466747799,4.253
1.8425400657469635,1.8129129739723209,1.8721671575216061,2.424
1.6399222030633083,1.609701388107239,1.6701430180193775,0.873
2.41467834545148,2.3759016805755793,2.453455010327381,0.046
1.8924243281752975,1.8457342460552328,1.9391144102953621,1.94
1.1140879910383934,1.0712132822635358,1.156962699813251,0.082
2.3560010205000648,2.3222418801929225,2.389760160807207,0.041
3.952589033719744,3.900030515000006,4.005147552439483,4.524
3.117650055602436,3.0904901760783483,3.1448099351265233,4.399
0.0556124613216274,0.001625790066689163,0.10959913257656564,0.103
1.8899616958870198,1.8427601502821944,1.9371632414918452,0.614
2.80572974545771,2.764814946195386,2.8466445447200344,2.162
1.5563775539681508,1.5318931188444893,1.5808619890918123,0.041
1.5506131912816365,1.525552949218554,1.575673433344719,0.154
0.34113246991319024,0.28596221013975953,0.39630272968662095,0.38
1.4533759483344233,1.4110148890459648,1.4957370076228818,2.61
2.461624405708618,2.4351393789082016,2.488109432509034,1.954
4.205949522337539,4.161858293374087,4.250040751300991,4.17
3.9092544083911793,3.865433392792722,3.953075423989637,2.525
2.163108038061137,2.1407503355833652,2.185465740538909,0.884
3.5762119560519565,3.54645420084022,3.6059697112636933,2.917
3.2581969969822397,3.215401543550322,3.3009924504141575,4.303
3.013362662653184,2.9684481938616973,3.058277131444671,2.174
1.8639458778646392,1.8380128500001842,1.8898789057290941,2.272
1.6662326188189938,1.6292163660657968,1.7032488715721907,1.873
2.4559391439360825,2.4177197089246953,2.4941585789474696,2.102
2.194186849618192,2.173292165367809,2.215081533868575,0.296
2.0359513404693006,1.9938023903030344,2.078100290635567,3.542
2.4248427760786195,2.389765830688412,2.459919721468827,0.028
3.1750436600194156,3.1332171134565794,3.216870206582252,4.164
1.3108359554303246,1.2731418723918355,1.3485300384688137,3.401
2.959616810031231,2.9186988542590897,3.0005347658033723,5.491
2.2457916323575167,2.217351237166773,2.27423202754826,3.232
1.817356942965048,1.7797512625683956,1.8549626233617005,1.988
1.6138415824597612,1.5778929776292314,1.649790187290291,1.017
1.5041410892684977,1.469250976148283,1.5390312023887123,0.254
1.9879043114097905,1.9530303595511544,2.0227782632684264,1.741
2.1950568882556336,2.1559325991295184,2.234181177381749,2.851
1.699874241248415,1.667785860919328,1.731962621577502,1.013
1.5370728943893317,1.5003658805707225,1.573779908207941,1.713
1.7717399237975007,1.7369500640893536,1.8065297835056477,1.548
2.4773312958638884,2.445627419109352,2.509035172618425,2.297
3.5945492185825225,3.5619064845011983,3.6271919526638468,4.308
2.041518340984208,2.009630171739627,2.073406510228789,0.247
1.3991105817028415,1.3669831743593106,1.4312379890463724,2.168
2.1271243604964702,2.100691971503991,2.1535567494889496,0.236
2.595179274365852,2.5634595802970925,2.626898968434612,2.107
2.0386076606255448,2.0133522443912253,2.0638630768598643,4.354
3.366877735211026,3.319641174427153,3.414114295994899,1.87
2.204559997351585,2.17929457007536,2.22982542462781,0.013
2.452886155208063,2.422698851362093,2.4830734590540335,0.601
2.423166108546369,2.3865558101451625,2.4597764069475754,3.496
2.5135841415666853,2.4810925729960793,2.5460757101372913,0.165
1.9894282630253828,1.948604139655914,2.0302523863948516,4.156
2.7587737142249984,2.7154127748268215,2.8021346536231753,4.44
3.662290492268984,3.620766275033032,3.7038147095049356,2.673
2.3220325884139887,2.2973765008281535,2.346688675999824,0.624
1.9277899068161524,1.8899419680026843,1.9656378456296204,1.482
2.936947249090514,2.913280994652831,2.960613503528197,2.67
2.204650947696424,2.1725848359284505,2.2367170594643975,2.677
2.9042819808675695,2.8683254719654783,2.9402384897696607,3.305
2.147907935127712,2.1193048463389133,2.176511023916511,0.16
2.902049052413077,2.876940144742609,2.927157960083545,4.071
2.778115491313038,2.7393145482407384,2.8169164343853375,4.553
2.183601608525441,2.1537193907626286,2.2134838262882535,1.841
3.7686443279443766,3.7292826922148774,3.808005963673876,2.447
3.9354903780221737,3.7358307901024705,4.135149965941877,4.522
3.3555511531816746,3.3103891234689664,3.400713182894383,3.281
2.1283301198335787,2.096080123866667,2.1605801158004905,3.463
1.6405711551067153,1.6074247232654764,1.6737175869479541,0.275
2.57358129461355,2.5505775099819763,2.5965850792451235,3.45
1.7089692721299843,1.6742829009241893,1.7436556433357793,3.604
1.6117165859269555,1.5779220901680373,1.6455110816858738,0.034
1.775840751016033,1.7441021783435282,1.8075793236885378,4.273
4.0738073297989335,4.026715056623822,4.120899602974045,4.7
3.417770642186451,3.3761068469139124,3.45943443745899,2.623
1.9355080799318976,1.905658943301823,1.9653572165619722,0.23
2.4643789709989927,2.4285622819566504,2.500195660041335,3.764
1.85774956600264,1.82465357892336,1.89084555308192,2.247
1.0347529725814109,0.9949760152961015,1.0745299298667201,1.42
0.8755968318196173,0.8264870384529687,0.924706625186266,0.697
3.057323098297865,3.015702570202694,3.0989436263930363,2.599
3.025083546007727,3.00118299280077,3.048984099214684,2.279
3.8858473236057107,3.845070129697966,3.9266245175134555,3.871
1.0594968908159683,1.0140422945296752,1.1049514871022614,2.615
2.0790312246058837,2.0497247216591,2.1083377275526676,1.986
2.0499731925041895,2.009953555159266,2.089992829849113,0.175
1.8438021750321136,1.82254144458046,1.8650629054837673,1.531
1.0279469733419537,0.9799812503990393,1.0759126962848682,0.34
3.3419889140546197,3.3036719617412724,3.380305866367967,4.097
2.3577388841445384,2.3296736441644903,2.3858041241245864,4.563
2.427308669582469,2.4022045418651716,2.4524127972997665,0.811
1.3561687614325337,1.317548449261812,1.3947890736032555,1.943
1.5097328657235585,1.4846646799959196,1.5348010514511974,4.396
1.1064501290345266,1.0703839353473528,1.1425163227217003,0.032
3.780640448931627,3.738372882934172,3.822908014929082,3.95
3.980621140531341,3.936299267978661,4.0249430130840205,4.8
4.143069372184006,4.09991805278608,4.186220691581932,2.329
1.5567526841159096,1.5222654942984413,1.591239873933378,2.186
1.7607439689220437,1.7288915406053313,1.792596397238756,3.835
1.2032028910755537,1.1685047995964017,1.2379009825547056,0.245
1.4499416475572715,1.4089494240667841,1.4909338710477589,0.471
1.2700424140224633,1.2305507950927614,1.3095340329521652,0.783
4.065059134756019,4.017050386773388,4.113067882738651,2.816
2.7877891333717377,2.76378974315791,2.8117885235855655,2.74
1.1283420766930958,1.0992362081821172,1.1574479452040745,0.986
2.4348991739312833,2.40689713793161,2.4629012099309566,0.56
4.154850056108075,4.11160808165616,4.19809203055999,4.805
3.695455676051311,3.648521983578051,3.7423893685245706,4.167
3.6048851193150924,3.561772928301477,3.6479973103287078,3.873
4.405623114095267,4.35493001947348,4.456316208717054,4.174
1.5166148356129732,1.471765131581669,1.5614645396442772,1.218
2.755409578568888,2.7211126523948517,2.7897065047429246,0.68
2.333251660716665,2.3004525145001327,2.3660508069331976,4.28
1.5986910734607418,1.5739441491580166,1.623437997763467,3.989
2.344256995556653,2.3168853387819754,2.37162865233133,0.149
3.4077172351884335,3.3703818877649767,3.4450525826118903,3.912
3.879616328621308,3.837034021680093,3.922198635562523,4.33
2.3088792866123806,2.271890705572431,2.34586786765233,2.952
2.008087121729407,1.9824132683054918,2.0337609751533225,3.812
1.8028596153762144,1.7765319226889293,1.8291873080634995,1.598
2.7749977859813613,2.71670506577217,2.8332905061905524,1.475
2.011061395256615,1.9826258360642164,2.039496954449014,2.195
1.4337791524396917,1.39798824991613,1.4695700549632533,1.531
1.3131134971827383,1.2668905349866268,1.3593364593788497,1.738
3.2461385377766607,3.206262332004675,3.2860147435486464,3.433
2.265067551999755,2.2371045192160417,2.293030584783468,0.591
3.3747991684077667,3.343978080734361,3.4056202560811726,3.777
1.3463182650980285,1.3128703627299458,1.3797661674661112,0.634
1.7099776092427548,1.6750135878857961,1.7449416305997134,4.521
3.0647053170029026,3.040136082460919,3.0892745515448863,2.672
0.5178718415674932,0.4761456631978265,0.55959801993716,0.386
2.321215869860223,2.270480909209984,2.371950830510462,1.208
1.834666162407704,1.8061516598645686,1.8631806649508396,1.839
1.4301825900946163,1.395318644198436,1.4650465359907967,1.572
0.8163978463328845,0.7777138705515912,0.8550818221141777,1.013
1.6779354563162976,1.6338045962035876,1.7220663164290075,0.849
1.5406117014422633,1.516283860896663,1.5649395419878638,1.578
2.910286497491759,2.871712034768641,2.948860960214877,2.688
2.7054383657499192,2.677434015833016,2.7334427156668224,1.855
1.7473341572531584,1.720664376124836,1.774003938381481,0.938
1.872235938010925,1.8271617150836899,1.9173101609381602,2.591
0.33506911848122883,0.28864654920370963,0.38149168775874803,0.42
0.42369402614595425,0.3780826397292451,0.4693054125626634,0.75
1.7466073586248203,1.703122190057148,1.7900925271924926,0.583
3.176417188319709,3.14179585419051,3.211038522448908,4.218
1.5488296612370849,1.5125959158742937,1.585063406599876,0.204
2.7414672491090495,2.6961325689366338,2.786801929281465,0.687
2.0548289339043073,2.0221836445856547,2.08747422322296,1.738
2.451668949746503,2.426125815599684,2.477212083893322,2.287
0.6461252400458996,0.6025565290393031,0.689693951052496,0.159
2.438167180637028,2.394632921038867,2.481701440235189,5.071
0.9438544096216991,0.8970041720573885,0.9907046471860097,0.012
1.5860396160734194,1.5497489919000955,1.6223302402467432,1.308
2.483332095113653,2.459967872759343,2.506696317467963,0.808
1.8808480130107352,1.8483650370823057,1.9133309889391648,3.819
2.546735347351608,2.5166821497948497,2.576788544908366,0.758
2.194090482939346,2.16214825679199,2.226032709086702,4.308
3.5869728752318877,3.5491358900183307,3.6248098604454446,4.413
1.773128351973028,1.7400104464873507,1.8062462574587055,0.02
1.8534947970899867,1.8181582284657927,1.8888313657141806,0.413
2.675841881584716,2.6519267645492697,2.6997569986201624,0.264
1.9423369140756184,1.91390781566594,1.9707660124852968,0.998
1.0966126370827698,1.059415103610161,1.1338101705553787,2.954
0.3643410110232722,0.31833119452060044,0.410350827525944,0.885
2.9606143963528955,2.8998244364701606,3.0214043562356303,1.776
2.543262238067361,2.5221491626332044,2.5643753135015173,3.545
1.704666255284526,1.6688157595042619,1.74051675106479,0.282
2.519911792289848,2.489260728357224,2.550562856222472,2.203
2.0275203461211966,1.9944385631334456,2.0606021291089474,1.699
2.289689637992642,2.2572048824905457,2.322174393494738,4.942
2.0577729786853807,2.0133773780126965,2.102168579358065,0.198
2.2186122159401154,2.1984626422404125,2.238761789639818,0.223
2.909853377452676,2.879032154945407,2.9406745999599444,4.935
3.6641759376803216,3.6207376620933887,3.7076142132672545,3.566
2.3799679160202585,2.3574597935448067,2.4024760384957102,4.687
1.733435514145482,1.7090810899124753,1.7577899383784887,1.463
3.208822787180987,3.1694344749271774,3.248211099434797,2.043
2.140209223715071,2.115161971462171,2.1652564759679707,2.312
1.6026389507171188,1.5601926033551965,1.6450852980790411,0.464
1.3490985670223825,1.3137768011594286,1.3844203328853364,3.258
1.8192694180821605,1.7900622917951052,1.8484765443692157,2.251
3.7672600015727844,3.7340322081017203,3.8004877950438485,4.97
1.5668021461922639,1.5443357982260537,1.589268494158474,0.149
1.0277499677305022,0.9939499809050834,1.061549954555921,1.448
1.0467799464212861,1.013338264370255,1.0802216284723172,1.543
3.8673057993519744,3.823501097043886,3.9111105016600627,4.358
2.020152425630296,1.9935377492487023,2.0467671020118896,4.89
2.6312046811431595,2.5976052059375005,2.6648041563488185,1.98
2.7778098942134606,2.5813782535720478,2.9742415348548734,4.714
2.3088259869702914,2.278643617268817,2.3390083566717657,0.18
1.8977809768568898,1.8686351229439688,1.9269268307698109,0.01
1.6178876579853392,1.595207460855715,1.6405678551149634,0.772
2.5905641369776475,2.547323238823594,2.6338050351317013,2.1
1.1350327506930646,1.1025665704177043,1.167498930968425,0.031
3.149333243265088,3.0946595589468875,3.2040069275832885,2.715
1.7285666271489688,1.6899338383837788,1.7671994159141589,1.944
1.602747051454838,1.5727470398254821,1.632747063084194,1.976
2.0480934212014072,2.0189108080962974,2.077276034306517,0.922
1.6896265300002917,1.6607583378318853,1.7184947221686981,1.941
1.6063140332552253,1.578136322522979,1.6344917439874715,0.561
0.712427643891393,0.665892050116932,0.758963237665854,2.518
1.7650235374644136,1.7302630300323278,1.7997840448964995,4.278
3.3601435996566718,3.320886646321195,3.3994005529921485,2.581
3.905524688386868,3.8537344562654403,3.957314920508296,2.193
2.1392915661232106,2.1128093967058716,2.1657737355405495,3.749
2.099318522023607,2.0801264337414076,2.118510610305806,1.543
2.9000941123256965,2.8745135538565143,2.9256746707948786,4.116
2.0821715211234726,2.0403661472606354,2.12397689498631,2.491
1.8904741562204783,1.8525173291198154,1.9284309833211413,0.187
2.1719292470273133,2.148741544374431,2.1951169496801954,0.01
2.2694238383274286,2.220531264212525,2.318316412442332,2.808
3.8508534403475356,3.8087697495554176,3.8929371311396537,3.879
4.2230934684553425,4.170357889050938,4.275829047859747,4.475
3.037318648322395,3.011581783724554,3.0630555129202355,5.484
3.130377605266235,3.1048076644664557,3.1559475460660145,2.839
1.5146047708821366,1.479183042589285,1.5500264991749884,0.033
0.9400502233565463,0.893475471533926,0.9866249751791666,0.093
1.7759250366655885,1.7458149413877915,1.8060351319433856,0.01
3.157495881167512,3.1136667718260123,3.2013249905090113,4.088
1.5907104456836578,1.558779555305455,1.6226413360618606,1.082
2.033057894255684,2.005944397793917,2.0601713907174513,0.97
1.7742718356724134,1.7401075939044977,1.8084360774403292,1.659
1.086113079249451,1.0446558899325342,1.127570268566368,0.363
1.9392007742182167,1.9102898743192587,1.9681116741171747,4.884
2.57351347061247,2.5332396377743813,2.6137873034505588,2.808
2.3513981894373557,2.313718484269398,2.3890778946053133,2.764
3.589958898063077,3.549258791932227,3.630659004193927,3.946
4.030709339289378,3.989623406663464,4.071795271915292,4.453
2.945742479376021,2.9123907449982394,2.979094213753803,4.685
1.522248543854644,1.4754119219341701,1.569085165775118,2.096
2.839788627928964,2.815678337609431,2.8638989182484966,5.291
3.696455313040561,3.657754885611067,3.735155740470055,5.069
1.293385763108277,1.2478648747955292,1.3389066514210248,0.218
2.541911005432673,2.5056314876245516,2.578190523240794,0.646
0.7840889503422663,0.7329070068955924,0.8352708937889403,0.369
1.054315386317797,1.0172143209588402,1.0914164516767537,0.898
0.34213793126645786,0.2921688923916982,0.39210697014121754,0.029
1.9109132138993485,1.8781379422773026,1.9436884855213945,0.776
1.0214712447614107,0.9790489031888987,1.0638935863339227,1.235
2.1690549913170973,2.142619704504362,2.195490278129833,0.056
3.7200639820454535,3.67343645388341,3.766691510207497,2.373
2.4830593163902086,2.4503030906072523,2.515815542173165,0.991
1.1437642997495203,1.1074320120850436,1.180096587413997,0.176
1.1041558042181197,1.055443960052508,1.1528676483837312,1.957
1.4214574949721182,1.3930203009285904,1.4498946890156459,0.597
1.9733208111431146,1.943189074871076,2.003452547415153,0.826
0.8517070514449393,0.8122257925142164,0.8911883103756622,1.041
1.5211151868497454,1.4890833219309694,1.5531470517685215,4.028
1.9395502749264995,1.9038632975773426,1.9752372522756563,3.404
2.5888571855184286,2.5631727713214834,2.614541599715374,0.998
3.123251854631476,3.091681817111977,3.154821892150975,2.56
1.629728853003886,1.592666497061494,1.666791208946278,1.887
1.979261921917747,1.9345766326143654,2.0239472112211283,2.722
2.894462493706026,2.8632762663799114,2.925648721032141,3.811
1.2898682370392685,1.2519507732565551,1.3277857008219818,1.819
2.065577722523723,2.040536192595049,2.0906192524523965,0.202
1.3098019939262633,1.264967271057845,1.3546367167946816,0.108
1.3530035101101288,1.327283673234199,1.3787233469860585,0.065
2.6621674717830546,2.6338793639413036,2.6904555796248055,3.658
2.2807186075304307,2.2254525734900423,2.335984641570819,2.109
1.6327815661843752,1.608494560892367,1.6570685714763833,1.931
4.36430001342105,4.317003629455924,4.411596397386176,2.592
2.601660936627398,2.5601756391409567,2.6431462341138396,2.217
2.5442315640891944,2.50642807847907,2.5820350496993187,0.161
2.453948026305005,2.4296460185128472,2.4782500340971625,0.81
1.822522304221393,1.7842713118989664,1.8607732965438195,0.761
0.959965159072834,0.9206033552241744,0.9993269629214936,1.683
2.0320656011914324,1.9988683997265464,2.0652628026563185,1.989
2.8706448737355426,2.844271948718615,2.89701779875247,4.87
2.0352355478112574,1.9908374993986628,2.079633596223852,5.136
2.3261343110968817,2.303262545355068,2.3490060768386956,1.621
1.4945028884619287,1.4594107372069305,1.529595039716927,0.248
2.0913901013137317,2.0590489078944936,2.12373129473297,1.573
3.9485613266121593,3.903607021897205,3.9935156313271136,2.504
2.907255051505968,2.875771325118394,2.9387387778935423,6.098
3.145216270000013,3.102673397933403,3.187759142066623,3.926
1.3775851295649448,1.347749787875559,1.4074204712543306,1.274
2.6657999070899625,2.6403667897266216,2.6912330244533034,1.786
3.513443651899665,3.4765816067481987,3.5503056970511313,3.809
2.4273077281215745,2.38408496197654,2.470530494266609,1.99
2.898198244517469,2.8569518833924827,2.9394446056424557,0.256
3.0482626861776283,3.0101323063494845,3.086393066005772,5.128
1.8900163566571402,1.8521819355673816,1.9278507777468987,0.527
1.7318248276439276,1.6968648051515676,1.7667848501362877,0.015
1.8976805820579,1.8638072635328098,1.93155390058299,0.763
1.0369497940664425,0.9981265127972426,1.0757730753356425,1.735
2.1851535376395463,2.1564347419076317,2.213872333371461,1.666
1.8353754701133915,1.8038550072385529,1.8668959329882302,4.344
2.857756165738626,2.8335924925400287,2.8819198389372236,2.956
3.8406870757975637,3.7982810060226164,3.883093145572511,4.53
2.855481149187059,2.8111393531666997,2.899822945207418,5.52
4.167105268208614,4.12071829613865,4.213492240278578,4.964
1.0737988472633122,1.037327216363874,1.1102704781627504,1.868
2.1940921227343355,2.164564703827709,2.223619541640962,2.003
2.8947443965580844,2.847978336833064,2.9415104562831047,2.685
1.9107325937247082,1.882620020564008,1.9388451668854083,1.766
4.123671419674631,4.080059871762583,4.1672829675866785,2.42
1.7637774906021892,1.7366346556684165,1.790920325535962,0.252
1.8648811410112898,1.8247703045742216,1.904991977448358,3.737
1.1755619458162452,1.1394766978507138,1.2116471937817765,1.178
0.01392017441544767,-0.042160665969896885,0.07000101480079222,0.327
2.8053553050611715,2.779990998677007,2.830719611445336,2.042
3.969956023304132,3.919288266380846,4.020623780227418,4.697
0.8087380764437578,0.763026460091317,0.8544496927961986,0.365
1.1947122940181627,1.1603438375601234,1.229080750476202,1.673
2.72285812699909,2.693742697692463,2.7519735563057166,1.005
2.6868606194315787,2.661889236521557,2.7118320023416005,4.758
1.8581932001012926,1.823704766748179,1.8926816334544063,1.828
2.930724136796892,2.893025864581148,2.968422409012636,2.238
1.3283487705443653,1.286960120627432,1.3697374204612986,0.077
2.007528628515633,1.9765194162940811,2.038537840737185,2.754
2.3089585156708843,2.280582576995156,2.3373344543466126,4.763
1.5977419148049397,1.5485293166731402,1.6469545129367391,0.231
2.828368781401967,2.7863325784306445,2.8704049843732893,2.508
3.22856496758282,3.173125900599528,3.284004034566112,1.844
3.160505784593172,3.1152995731828126,3.205711996003531,2.561
1.4011949691565933,1.3628617782173715,1.439528160095815,1.702
2.8056705670007416,2.769083572995998,2.842257561005485,2.154
1.778706288495291,1.7364906866100425,1.8209218903805398,0.735
2.844213315499278,2.802171162537424,2.8862554684611323,2.341
1.4404173255790627,1.4010315913317246,1.4798030598264007,0.201
2.65707911962296,2.634570026320976,2.6795882129249438,0.679
3.7762774900557687,3.735368274865574,3.8171867052459634,4.426
2.577161440236448,2.5533068726049755,2.6010160078679205,3.585
1.3320286083040744,1.2906277161917816,1.3734295004163672,1.792
1.8444041154038153,1.8194619747549363,1.8693462560526943,0.164
1.9963280260654186,1.9640226328163701,2.028633419314467,0.052
1.3340886976820745,1.291379213493214,1.376798181870935,2.236
2.0696634002897016,2.0404909007662657,2.0988358998131376,1.71
2.3713238452031957,2.3396071903097737,2.4030405000966177,1.405
3.226632523272316,3.1918672808107043,3.261397765733928,4.43
2.362564800500449,2.3215154981230888,2.403614102877809,5.35
2.620158158857062,2.5798638306747503,2.660452487039374,0.8
3.7998992856614824,3.76065801607996,3.839140555243005,4.707
3.7384961171202855,3.694563054545376,3.782429179695195,2.537
1.053963306697652,1.0037125191070946,1.1042140942882093,1.279
1.6293226641716854,1.5933484716054103,1.6652968567379605,2.854
1.6989554676492102,1.6702106046173615,1.727700330681059,1.134
3.7814339917389574,3.7321641962424796,3.8307037872354353,2.613
1.4766853106281699,1.4356609253852721,1.5177096958710676,0.147
1.2862300418875785,1.2557760653784058,1.3166840183967512,1.369
1.7909728973472216,1.7600247619188065,1.8219210327756368,1.195
3.4229381504413605,3.3859322737295514,3.4599440271531696,3.815
2.2895731801693016,2.2540961460212596,2.3250502143173435,1.559
3.6491540524116384,3.6065514049002045,3.691756699923072,4.658
2.0478511132707893,2.0225115217020386,2.07319070483954,1.867
3.967780872844275,3.9227588603259873,4.012802885362563,4.462
3.412393370848367,3.376558341845264,3.44822839985147,4.309
3.4200266659663074,3.3811032407689203,3.4589500911636946,3.259
2.4830605191405972,2.4414281927143633,2.524692845566831,2.815
1.5880017994901081,1.5582154214178598,1.6177881775623564,0.01
1.294858036512234,1.25996368163665,1.329752391387818,0.975
2.2645921833634706,2.2306656411117007,2.2985187256152404,3.226
3.5910165483761163,3.5525818754947656,3.629451221257467,3.696
3.588760465411924,3.5400757592341763,3.6374451715896714,3.357
2.2325336783626204,2.209857862083543,2.2552094946416976,3.901
3.6155935376344264,3.5795544554441574,3.6516326198246953,2.645
2.682120187950794,2.6460625621924585,2.7181778137091293,2.835
2.58598634213777,2.5541468456314615,2.617825838644078,0.78
1.8121885530251327,1.7859467773217863,1.8384303287284791,1.701
1.9880229416103539,1.9610076994817236,2.015038183738984,0.242
3.2120627749768653,3.1853266937475544,3.2387988562061762,3.469
2.2406942180601686,2.2023949346308695,2.2789935014894676,5.01
2.1840797103999896,2.157553543556922,2.210605877243057,1.442
1.2866852387011982,1.2456523089293803,1.3277181684730162,0.011
2.4683302367569424,2.4236097224335693,2.5130507510803155,0.206
3.9306681714298497,3.885131466693044,3.9762048761666553,4.435
2.271235766653299,2.233072670547408,2.3093988627591897,0.646
2.1178455446307156,2.086841058210044,2.148850031051387,1.589
1.925075609946512,1.8786446318369108,1.9715065880561133,0.014
2.0104630512854835,1.9830323357178115,2.0378937668531556,4.479
1.6299956744951845,1.5868573709389606,1.6731339780514083,1.542
2.421321783229193,2.383618335865525,2.459025230592861,1.777
3.8448593007251257,3.8063714910192794,3.883347110430972,4.046
3.990419130966935,3.9498953259592353,4.030942935974634,3.797
0.3443980561301473,0.29806358532143956,0.390732526938855,0.964
1.4840779288990558,1.4458102589716677,1.5223455988264438,2.133
2.276228004841166,2.2391183098426257,2.313337699839706,1.775
2.8451575451170013,2.8211792204274375,2.869135869806565,3.711
2.124125090367447,2.094430776573527,2.1538194041613674,5.622
1.0225153896065486,0.9792630082705402,1.065767770942557,0.443
1.3882258111147983,1.3489913159405373,1.4274603062890592,1.353
1.814318445372021,1.7851855657127782,1.8434513250312636,1.888
1.9391829447241717,1.894381887701026,1.9839840017473176,1.79
4.143756384075794,4.09855193733753,4.188960830814058,4.349
2.9393873620409012,2.889520052543181,2.9892546715386215,2.735
2.6236274834149365,2.594215149440485,2.653039817389388,4.929
1.1388128582365378,1.0977539561510303,1.1798717603220452,1.677
1.9138108585898965,1.883294683457624,1.944327033722169,1.687
1.949405919653157,1.914046442518507,1.984765396787807,1.546
1.9842535722139978,1.9510111900060507,2.017495954421945,0.759
2.4408081690600443,2.410437828861625,2.4711785092584635,0.163
1.5185515812471302,1.4948328570315539,1.5422703054627065,0.684
0.7001660475627371,0.6526653991817869,0.7476666959436874,2.582
2.2612425354362125,2.2275470896854803,2.2949379811869446,2.795
1.664076407152861,1.6245608395598512,1.703591974745871,3.022
1.9582669751120265,1.9307888344886561,1.985745115735397,3.939
2.0403824178498566,2.0185792105983333,2.06218562510138,2.274
1.405532256509261,1.3564200223895166,1.4546444906290052,0.822
1.6082169000119195,1.5699761723915813,1.6464576276322578,0.242
4.192518057889338,4.139451513595055,4.245584602183622,2.41
3.062073676637883,3.0321120970981448,3.092035256177621,5.093
3.7432475725403824,3.697223514090011,3.7892716309907537,5.25
2.010562761668153,1.9791220090630859,2.0420035142732207,0.207
1.0919481682583108,1.0547171553403554,1.1291791811762661,0.14
2.2764100856692915,2.252805567992158,2.300014603346425,1.84
1.8381082678538891,1.8176803514177926,1.8585361842899857,0.512
1.054675856237688,1.0173184299425826,1.0920332825327932,3.384
1.1158047660957333,1.073410510298481,1.1581990218929856,0.515
3.0329219843855504,2.9986904972293997,3.067153471541701,2.68
1.9598263498723107,1.9308802147771844,1.988772484967437,0.177
2.8314074565323213,2.7999410039839767,2.862873909080666,4.46
3.3055848040230273,3.269003840758138,3.342165767287917,3.615
1.7022175826192445,1.6688363191013507,1.7355988461371383,0.222
1.3172667106198557,1.2896133302909614,1.34492009094875,0.015
1.7764544652694179,1.7347245188306837,1.818184411708152,2.526
2.0265754738841544,1.995995860235904,2.0571550875324047,3.715
3.53805135089781,3.494280459110899,3.5818222426847215,4.056
1.9068523304380585,1.8740317568887097,1.9396729039874072,1.464
2.4336594019801905,2.4033511756567156,2.4639676283036653,2.693
3.1456866681868645,3.1202867756496895,3.1710865607240395,5.542
2.667715616732334,2.6298839643181986,2.7055472691464693,3.189
2.325687494071374,2.2935697181189227,2.357805270023825,4.987
1.9017814092764325,1.871183768223476,1.932379050329389,0.185
2.7371703137908607,2.713326121697566,2.7610145058841553,0.23
1.303174025354833,1.2658645143104985,1.3404835363991674,1.963
0.8657004579183171,0.8263170566720816,0.9050838591645526,0.465
1.8188243787876992,1.7950302756596541,1.8426184819157443,0.055
1.4419471124855694,1.3885114002746566,1.4953828246964822,1.099
3.986034735526662,3.9452128444032906,4.026856626650034,4.089
1.7722736493968987,1.731300423593639,1.8132468752001585,0.157
1.3904646687739182,1.358965876608825,1.4219634609390113,0.184
1.8935442770955206,1.8662840362922626,1.9208045178987787,0.131
1.8908466315472388,1.865021921225336,1.9166713418691415,0.018
3.207936294471129,3.1780568597698924,3.2378157291723655,2.912
1.489755690446001,1.452966255990671,1.5265451249013309,0.016
2.416502402086835,2.396841495999642,2.4361633081740277,3.713
1.772494502517245,1.7414837743711191,1.8035052306633708,0.225
3.6241091453597005,3.578518582737069,3.669699707982332,3.59
1.6386646274400876,1.6084344960459511,1.668894758834224,0.126
0.7647662395811797,0.7139135205582837,0.8156189586040757,1.06
1.3485298403447539,1.3151787920083706,1.3818808886811371,2.226
2.424608369953034,2.3908434799403713,2.458373259965697,2.283
1.5931286657921007,1.5515807680007645,1.6346765635834368,2.262
3.0673561898067434,3.035360695493237,3.0993516841202498,2.871
3.209503133390421,3.1785152624865924,3.24049100429425,3.444
2.3935027056261067,2.364453842504582,2.4225515687476316,1.048
2.14010588477807,2.109718325830471,2.170493443725669,0.677
1.7729424174426602,1.7358704900550097,1.8100143448303108,3.371
3.031122769186785,2.999579493374326,3.0626660449992436,2.816
1.789919942341476,1.7456670308922335,1.8341728537907185,1.675
2.107781269402426,2.0655519663828668,2.150010572421985,4.657
2.0351839942902674,1.9944957148314149,2.0758722737491198,1.492
1.3528644491868609,1.3163529265926344,1.3893759717810874,0.968
1.477081583952344,1.4515912219493823,1.5025719459553055,0.567
3.2139455965954724,3.185743166458212,3.2421480267327327,3.245
2.258345138137128,2.21515832740245,2.301531948871806,1.658
2.4446428078919076,2.409771115653028,2.479514500130787,0.221
1.806850108845394,1.7715791047575447,1.8421211129332435,1.321
2.502955462047176,2.474728201127165,2.5311827229671873,4.156
2.9187357507827056,2.89098022530573,2.9464912762596813,2.232
4.233142222673041,4.184178278624028,4.282106166722054,5.375
3.1157052473961477,3.090699199731851,3.1407112950604446,3.332
2.2066013049861692,2.1874972901518217,2.225705319820517,3.992
3.4782506102358806,3.446565116763813,3.509936103707948,5.284
1.7485370771643156,1.7018598212346867,1.7952143330939445,1.952
0.07838222426902539,0.027102139217144355,0.12966230932090642,0.085
1.8573808617613206,1.8228447054152364,1.8919170181074048,2.2
1.074625898021108,1.0305099865867973,1.118741809455419,2.005
2.638687997319237,2.6130154087657522,2.6643605858727217,2.382
1.9395333848064251,1.9050989333634618,1.9739678362493884,2.284
1.6878989824463455,1.6406401388109493,1.7351578260817417,0.199
3.9262894258071457,3.883187539246186,3.9693913123681055,3.691
2.1766641347496685,2.1444384804676186,2.2088897890317183,0.849
1.9333466820545617,1.8963051874838543,1.970388176625269,1.0
3.4796076619095593,3.441536046896496,3.5176792769226224,2.313
2.4371963016917966,2.396365031814556,2.478027571569037,5.46
0.5275908790737945,0.48525017005170706,0.5699315880958821,1.203
3.5570253986963922,3.5162351902206384,3.597815607172146,4.137
2.519735434834532,2.4871310631687993,2.552339806500265,4.257
1.7386064518503144,1.6884616462850768,1.788751257415552,1.88
2.0713061105272232,2.0433132851432916,2.099298935911155,1.408
1.2860730239172933,1.2297626366983585,1.342383411136228,1.049
3.3263745467960337,3.2959357649360794,3.356813328655988,4.312
3.0001097185705716,2.961144141557739,3.0390752955834044,4.233
3.671281757680586,3.633896850108565,3.708666665252607,4.327
3.069455270831036,3.044680882926237,3.0942296587358347,5.168
1.728282007320442,1.692181444967787,1.7643825696730968,1.43
2.5235240815960087,2.4956434285769036,2.551404734615114,2.297
2.6434062264012717,2.6043681237973426,2.6824443290052007,2.812
2.2263893443035476,2.1932458407572284,2.259532847849867,3.898
0.8654946430047802,0.8287868422073181,0.9022024438022422,0.819
4.50357695940891,4.4515128708423255,4.555641047975495,3.072
2.198783241734953,2.1574362596873344,2.2401302237825718,3.373
0.838223812240656,0.7988362603021284,0.8776113641791836,1.472
1.1864067884935792,1.1399318244853698,1.2328817525017886,1.194
0.15838529240147917,0.10413107411598382,0.2126395106869745,0.5
2.946596699991122,2.904405313130624,2.98878808685162,2.643
4.15907538282736,4.119686630469887,4.198464135184833,5.2
1.0893891465788235,1.0555283934209896,1.1232498997366573,1.572
3.3134989114120796,3.2746157211373963,3.352382101686763,2.944
1.289758922762685,1.2578574774397873,1.3216603680855825,0.532
0.8899981267059454,0.849819006216624,0.9301772471952667,0.863
0.8792795763670977,0.8411572937431818,0.9174018589910137,0.132
2.164809258442937,2.1153508931449547,2.214267623740919,1.407
1.89578388429162,1.873438576458596,1.918129192124644,0.856
2.30227677613652,2.2749415313967694,2.3296120208762705,4.482
2.6597682860059697,2.634293900718598,2.6852426712933415,3.523
1.7468995486714929,1.7171115021165482,1.7766875952264376,0.15
2.3853728025662826,2.3529201894192813,2.417825415713284,4.729
1.3624691608902477,1.3210906763710513,1.4038476454094442,0.659
3.0112427822104766,2.966856423975794,3.055629140445159,4.419
2.543571579385179,2.5153237799457626,2.5718193788245953,2.747
2.7974408750025606,2.7521121694284885,2.8427695805766326,1.735
1.2837960034799532,1.2479104587721739,1.3196815481877324,0.526
1.685237527944272,1.646414920758477,1.7240601351300668,0.215
1.330214207161038,1.2887335312781898,1.3716948830438864,2.328
1.7116297904961904,1.682668870966881,1.7405907100254998,0.095
3.6040711776521035,3.5736376199529607,3.6345047353512463,4.301
3.403220589936187,3.368005966717743,3.4384352131546314,3.714
3.3919206573628937,3.346643159120577,3.4371981556052105,5.006
1.718261285042247,1.6911354710182405,1.7453870990662534,4.164
4.201800764669154,4.154283623954994,4.2493179053833146,4.693
2.990696519109953,2.94020130545195,3.041191732767956,1.483
2.480358451433227,2.440594952534065,2.5201219503323893,1.823
1.9739109049364127,1.9389378859918265,2.008883923880999,1.936
4.070759973931492,3.8706642178991433,4.27085572996384,2.763
2.7041004214998363,2.669834089537897,2.7383667534617757,3.362
1.1701980356880348,1.1336124103215177,1.206783661054552,3.401
1.906085652433293,1.8676782828413578,1.9444930220252281,2.996
2.437321725256236,2.401280429791582,2.4733630207208894,4.742
2.239071612283492,2.21333393879698,2.2648092857700037,4.49
1.588284927528076,1.5597256140903928,1.616844240965759,2.184
3.6124809979240724,3.5767587994218775,3.6482031964262673,2.345
3.7937762588136423,3.7476326974176706,3.839919820209614,6.762
1.6933223990359818,1.6573515179845335,1.72929328008743,1.482
2.083799307776453,2.055987238975725,2.1116113765771813,1.017
3.9797511296544474,3.934782531994462,4.024719727314433,2.304
2.9745686760963803,2.9421375781287087,3.006999774064052,3.652
1.9896316296994556,1.9619338414404082,2.017329417958503,1.725
1.2959471641897804,1.2591238105644325,1.3327705178151283,2.103
2.317357137318669,2.286335081336461,2.3483791933008775,0.624
2.044907958500499,2.0108014777873375,2.07901443921366,2.227
3.113514706018725,3.089403162435607,3.137626249601843,4.81
2.213409166453893,2.016833686148395,2.4099846467593906,1.868
2.8830791581552546,2.8579618600578565,2.9081964562526528,2.331
2.5986021889131172,2.557437999706088,2.6397663781201466,2.884
2.5515414349227545,2.5259069828710783,2.577175886974431,3.756
3.314351224804532,3.2822105438333056,3.3464919057757587,3.222
2.547651800135772,2.5038912461177945,2.5914123541537495,0.061
1.5594081741954247,1.5204374671298702,1.5983788812609792,1.304
1.841104427891199,1.8101669937153342,1.8720418620670638,2.478
2.184708167488171,2.1600577844152298,2.209358550561112,1.553
3.2440624217276066,3.2052952439369666,3.2828295995182466,4.224
3.0922963483977877,3.061068369162651,3.1235243276329245,4.058
2.7781931952185657,2.754340550999321,2.8020458394378105,2.647
1.545065909633084,1.5185147742941836,1.5716170449719846,1.669
4.017543727914298,3.9717875504630302,4.063299905365565,2.018
1.4377831266705217,1.4098004130805848,1.4657658402604585,0.282
2.6295228315416286,2.6043950114446157,2.6546506516386414,2.617
1.5689342244287583,1.5192710208074158,1.6185974280501008,0.232
2.2200568923622472,2.1953230173869285,2.244790767337566,1.773
1.4061011709211413,1.360553979175943,1.4516483626663397,0.247
2.0035489482343123,1.970492828758431,2.0366050677101937,0.668
3.874185140992026,3.8260421667429703,3.9223281152410814,4.054
2.4519940960471542,2.413274715269589,2.4907134768247197,4.74
3.646396363970297,3.611334016663167,3.6814587112774273,3.319
2.143334765750865,2.1013256914648175,2.185343840036912,4.951
1.4461346349155473,1.4133142645863501,1.4789550052447444,2.017
3.81102032891638,3.7773671655717624,3.8446734922609975,5.205
2.0662917556768337,2.0239750017782407,2.1086085095754266,1.772
3.519323493746678,3.488822490522618,3.5498244969707384,3.451
1.0939680338749038,1.054763060216939,1.1331730075328685,0.231
2.402663907931356,2.365104628856481,2.4402231870062305,2.509
1.3690141690672972,1.3317954927202809,1.4062328454143136,1.98
1.8187822906807527,1.778189382374062,1.8593751989874434,2.626
2.623674412351164,2.5832126096826715,2.664136215019657,5.052
1.5233781821577828,1.4933590169975615,1.553397347318004,0.241
3.9194861484259245,3.874908875575493,3.964063421276356,2.996
2.7544011502366965,2.716747729314536,2.792054571158857,3.517
3.9432831906662154,3.903382179177514,3.983184202154917,2.842
2.9289252571885167,2.8688198684544464,2.989030645922587,1.842
3.6927042755704806,3.6573620649436136,3.7280464861973477,2.384
2.0533876695546343,2.0153247504041167,2.0914505887051518,0.237
1.7988100217387843,1.7772853572790606,1.8203346861985081,0.181
2.8974119827102043,2.8621614099014097,2.932662555518999,2.68
1.840679287087344,1.8031046593706113,1.8782539148040769,0.849
1.5710403476741455,1.5333373376301063,1.6087433577181847,2.1
2.48471165853929,2.442765275469696,2.526658041608884,0.23
2.0267440136210557,1.9862103831115456,2.067277644130566,2.299
2.9927473333837744,2.96287163646094,3.0226230303066086,5.325
1.358112968974667,1.3161707886052056,1.4000551493441282,1.507
2.2979081859559227,2.2776119683498055,2.31820440356204,0.145
1.8154375951053623,1.7875811539865456,1.843294036224179,0.522
2.4849702169516688,2.45588267344588,2.5140577604574577,4.926
0.576704529512469,0.5288737048218024,0.6245353542031356,1.43
4.372170393046588,4.319572264450008,4.424768521643168,3.048
2.340942908838693,2.298072950037069,2.3838128676403167,0.198
3.6819386019087923,3.6351624656159025,3.728714738201682,2.93
2.101928551277762,2.079246497132721,2.124610605422803,2.782
2.4457253303929614,2.4080606466921233,2.4833900140937994,1.738
1.1191407538232496,1.083538040848273,1.1547434667982261,1.864
1.4907997996678164,1.459295103236987,1.5223044960986458,0.978
1.3482081885949417,1.3111603979739546,1.385255979215929,1.999
3.9933043377911934,3.9532860617336705,4.033322613848716,3.857
2.810374776130207,2.772704793042198,2.848044759218216,5.835
1.8772516017895176,1.8426350119460495,1.9118681916329856,0.19
2.1408227526236567,2.120218157878918,2.1614273473683956,1.375
3.5832712795754125,3.544578396516984,3.621964162633841,3.96
1.4732139190321096,1.4356219613968015,1.5108058766674177,1.873
1.6360131666062088,1.5943714785456806,1.677654854666737,0.047
2.623674412351164,2.5832126096826715,2.664136215019657,2.559
1.9083723129794214,1.8751164309769859,1.941628194981857,1.631
3.3998141337795498,3.3518453114660867,3.447782956093013,2.359
2.511881985068762,2.4722619591264055,2.5515020110111184,3.721
2.033754855027789,2.0037882726126357,2.0637214374429425,1.759
1.9705018986807088,1.9302852749114292,2.0107185224499884,4.845
4.269772913782972,4.213241821287468,4.326304006278475,4.684
1.8068986173854595,1.7666120599597335,1.8471851748111856,4.557
1.3561228424642575,1.320509757828402,1.391735927100113,2.341
3.62827372132727,3.596478917457759,3.660068525196781,3.714
4.08873508066056,4.034662670669971,4.1428074906511485,3.157
2.5503125756751013,2.5107328691583177,2.589892282191885,4.73
2.141713979373685,2.102603435972929,2.180824522774441,4.151
2.2962255554034954,2.2637439925762304,2.3287071182307604,1.427
1.2161030560051413,1.1674212794381547,1.264784832572128,0.82
3.82262066835176,3.779691722929334,3.865549613774186,4.266
2.3528101706280315,2.325003089592134,2.3806172516639292,0.01
1.7821346419603783,1.761270594674638,1.8029986892461185,3.283
1.3896621966974616,1.3478928084765782,1.431431584918345,0.541
2.4613964065037672,2.436443894472421,2.4863489185351133,5.189
0.3999082326526244,0.3508207025719057,0.4489957627333431,0.453
1.0534498963204233,1.0104236293871511,1.0964761632536955,0.946
1.5189740305009163,1.480627404887505,1.5573206561143276,0.144
3.1612722775299815,3.133490180340793,3.18905437471917,4.389
1.6206433210569449,1.5777885842114898,1.6634980579024,3.936
2.138486030208674,2.1018542203406967,2.1751178400766515,0.023
3.2678041938123257,3.22782660530845,3.3077817823162015,3.987
1.1892329026069697,1.1390234907693426,1.2394423144445967,2.113
1.6792593906920579,1.6399734291724188,1.718545352211697,2.338
4.019255621065458,3.970496696348903,4.068014545782013,4.636
2.0656005827869013,2.032607569924803,2.0985935956489996,4.103
3.705584793313746,3.6721589427096712,3.7390106439178203,2.452
1.5347260452996063,1.4998395256710817,1.569612564928131,0.082
2.9503037344269982,2.906808267241855,2.9937992016121413,3.047
1.5829556052713512,1.547636100414862,1.6182751101278403,0.528
1.6320227613557,1.6030701569904806,1.6609753657209192,3.843
2.372080927018656,2.3407050082795466,2.4034568457577654,4.488
2.2874189572526387,2.2547473119808057,2.3200906025244716,1.786
1.4497659359692514,1.41216535094181,1.4873665209966929,2.358
1.524884569028512,1.4806404474427572,1.5691286906142667,0.173
3.2080418838070988,3.164101976210363,3.2519817914038347,2.253
0.8923955583327428,0.8451671156845832,0.9396240009809023,0.01
3.291446879749416,3.2645585598005846,3.3183351996982475,4.673
1.1106092919893087,1.0554642948423318,1.1657542891362855,1.883
0.7263338294369219,0.6767246549364327,0.7759430039374111,0.01
2.4850229202576863,2.445237629346549,2.5248082111688235,2.356
3.3384863578237844,3.29510772202184,3.381864993625729,4.645
1.5239007294361633,1.487570400464613,1.5602310584077135,1.195
3.300439849326949,3.254292295297215,3.346587403356683,2.311
3.915832919045374,3.8680223142950725,3.9636435237956755,4.537
1.5334712800680024,1.493337841900867,1.5736047182351378,2.192
1.3997936064228367,1.368406923608481,1.4311802892371923,0.054
2.1351115879964713,2.107487681337005,2.1627354946559376,0.187
1.3205058211972323,1.2772301019064447,1.3637815404880198,1.81
1.499752238326464,1.462922801028288,1.5365816756246402,0.533
2.0252312917963375,1.9790393945308813,2.0714231890617936,2.359
2.5268207930354847,2.329415149064601,2.7242264370063682,5.229
2.434093619919181,2.4004724934323796,2.4677147464059828,3.786
3.3473417274083777,3.3141817246030802,3.380501730213675,3.291
2.451602673600892,2.413077883636322,2.4901274635654618,1.483
2.0680857352814637,2.0304908921911053,2.105680578371822,0.023
1.0033232605935851,0.9654155652766508,1.0412309559105195,0.175
2.324690444393009,2.27562308517009,2.373757803615928,2.436
1.8118865428597737,1.7698485216591298,1.8539245640604176,1.402
1.512723969179688,1.4813399136438836,1.5441080247154926,1.602
1.8405792284702962,1.8002018535917133,1.8809566033488792,2.724
2.7807462083246004,2.7437283871389733,2.8177640295102275,0.242
2.559471513525185,2.5314893018367757,2.587453725213594,5.245
4.153775011278412,4.101162840145992,4.2063871824108325,4.747
1.8089300354526126,1.7750241693883888,1.8428359015168363,1.555
1.7614129705700428,1.7388196686350181,1.7840062725050674,4.415
2.2941604321369353,2.2619583644846215,2.326362499789249,0.202
1.6849815461828517,1.6545633455521687,1.7153997468135347,0.156
1.3531180287053532,1.3200946294037168,1.3861414280069897,0.717
2.4296469303382295,2.404253470512943,2.455040390163516,1.641
2.5851329772374636,2.5525354947906957,2.6177304596842315,1.704
2.0278222053109918,2.005419128841266,2.0502252817807176,2.075
3.37693412772879,3.3410685413678674,3.412799714089713,3.103
3.306269821968869,3.2708541398361017,3.341685504101636,4.545
1.712968359129607,1.6828476520751674,1.7430890661840466,1.965
1.8116209378883448,1.7788404011813597,1.8444014745953299,4.885
2.866165986010595,2.837444571912993,2.894887400108197,5.321
4.20133639628262,4.149385681828,4.253287110737239,4.199
3.265732740897059,3.2310238965899774,3.300441585204141,4.295
1.6546014265408604,1.6151073940035015,1.6940954590782193,2.999
